frame, gaze_0_x, gaze_0_y, gaze_0_z, gaze_1_x, gaze_1_y, gaze_1_z, gaze_angle_x, gaze_angle_y, pose_Tx, pose_Ty, pose_Tz, pose_Rx, pose_Ry, pose_Rz, AU01_r, AU02_r, AU04_r, AU05_r, AU06_r, AU07_r, AU09_r, AU10_r, AU12_r, AU14_r, AU15_r, AU17_r, AU20_r, AU23_r, AU25_r, AU26_r, AU45_r, AU01_c, AU02_c, AU04_c, AU05_c, AU06_c, AU07_c, AU09_c, AU10_c, AU12_c, AU14_c, AU15_c, AU17_c, AU20_c, AU23_c, AU25_c, AU26_c, AU28_c, AU45_c
1,-0.108575,0.227776,-0.967641,-0.279257,0.178632,-0.943454,-0.2,0.21,204.1,91.1,583.5,0.317,0.238,0.377,0.0,0.93,1.14,0.91,0.0,1.32,0.0,0.0,0.0,0.23,0.0,0.43,0.0,0.0,0.38,1.5,0.33,1.0,1.0,1.0,1.0,0.0,1.0,0.0,0.0,0.0,0.0,0.0,1.0,0.0,0.0,0.0,1.0,0.0,0.0
2,-0.129993,0.23677,-0.96283,-0.282855,0.215315,-0.934683,-0.214,0.234,200.4,88.3,572.6,0.368,0.252,0.364,0.0,1.18,0.88,0.83,0.0,1.23,0.0,0.19,0.0,0.64,0.0,0.55,0.0,0.0,0.17,1.09,0.11,1.0,1.0,1.0,1.0,0.0,1.0,0.0,0.0,0.0,0.0,0.0,1.0,0.0,0.0,0.0,1.0,0.0,0.0
3,-0.14607,0.227502,-0.96276,-0.283186,0.223428,-0.932677,-0.223,0.234,199.9,87.6,570.9,0.376,0.262,0.358,0.0,1.17,0.66,0.78,0.0,1.14,0.0,0.33,0.0,0.79,0.0,0.64,0.0,0.0,0.1,0.82,0.0,1.0,1.0,1.0,1.0,0.0,1.0,0.0,0.0,0.0,0.0,0.0,1.0,0.0,0.0,0.0,0.0,0.0,0.0
4,-0.147819,0.22335,-0.963465,-0.276173,0.210755,-0.937716,-0.219,0.224,200.1,87.5,571.1,0.375,0.268,0.354,0.0,1.12,0.56,0.76,0.0,1.22,0.0,0.44,0.0,0.75,0.0,0.61,0.0,0.0,0.08,0.73,0.0,1.0,1.0,1.0,1.0,0.0,1.0,0.0,0.0,0.0,0.0,0.0,1.0,0.0,0.0,0.0,0.0,0.0,0.0
5,-0.14859,0.229382,-0.961928,-0.280654,0.216692,-0.935028,-0.223,0.231,200.5,87.4,571.4,0.377,0.272,0.35,0.0,0.99,0.55,0.59,0.0,1.36,0.0,0.5,0.0,0.68,0.0,0.62,0.0,0.0,0.06,0.7,0.0,1.0,1.0,1.0,1.0,0.0,1.0,0.0,0.0,0.0,0.0,0.0,1.0,0.0,0.0,0.0,0.0,0.0,0.0
6,-0.168474,0.225997,-0.959449,-0.282879,0.241607,-0.928227,-0.235,0.243,201.0,87.2,572.2,0.384,0.278,0.345,0.0,1.05,0.67,0.42,0.0,1.59,0.0,0.48,0.0,0.68,0.0,0.56,0.0,0.0,0.0,0.68,0.0,1.0,1.0,1.0,1.0,0.0,1.0,0.0,0.0,0.0,0.0,0.0,1.0,0.0,0.0,0.0,0.0,0.0,0.0
7,-0.163907,0.235402,-0.957977,-0.292075,0.248768,-0.923475,-0.238,0.252,201.5,87.1,572.6,0.388,0.279,0.342,0.0,1.09,0.88,0.28,0.0,1.5,0.0,0.44,0.0,0.63,0.0,0.56,0.0,0.0,0.05,0.69,0.0,1.0,1.0,1.0,1.0,0.0,1.0,0.0,0.0,0.0,0.0,0.0,1.0,0.0,0.0,0.0,0.0,0.0,0.0
8,-0.165211,0.23024,-0.959007,-0.282321,0.241041,-0.928544,-0.233,0.245,201.9,87.2,573.4,0.381,0.278,0.346,0.0,1.12,1.13,0.29,0.0,1.4,0.0,0.42,0.0,0.61,0.0,0.63,0.0,0.0,0.08,0.75,0.0,1.0,1.0,1.0,1.0,0.0,1.0,0.0,0.0,0.0,0.0,0.0,1.0,0.0,0.0,0.0,0.0,0.0,0.0
9,-0.160998,0.225443,-0.960862,-0.297411,0.229389,-0.926783,-0.238,0.236,202.6,87.5,573.7,0.378,0.28,0.346,0.0,1.16,1.25,0.37,0.0,1.13,0.0,0.53,0.0,0.61,0.0,0.64,0.0,0.0,0.07,0.8,0.0,1.0,1.0,1.0,1.0,0.0,1.0,0.0,0.0,0.0,0.0,0.0,1.0,0.0,0.0,0.0,0.0,0.0,0.0
10,-0.160821,0.229869,-0.959842,-0.298201,0.220117,-0.928776,-0.238,0.234,203.0,87.4,573.8,0.376,0.277,0.348,0.0,1.11,1.24,0.49,0.0,1.06,0.0,0.55,0.0,0.68,0.0,0.64,0.0,0.0,0.03,0.81,0.0,1.0,1.0,1.0,1.0,0.0,1.0,0.0,0.0,0.0,0.0,0.0,1.0,0.0,0.0,0.0,0.0,0.0,0.0
11,-0.161515,0.229231,-0.959878,-0.296678,0.245316,-0.922931,-0.239,0.247,203.5,87.4,574.1,0.374,0.275,0.351,0.0,1.09,1.09,0.56,0.0,1.09,0.0,0.53,0.0,0.78,0.0,0.5,0.0,0.0,0.01,0.78,0.0,1.0,1.0,1.0,1.0,0.0,1.0,0.0,0.0,0.0,0.0,0.0,1.0,0.0,0.0,0.0,0.0,0.0,0.0
12,-0.180067,0.230017,-0.956383,-0.291507,0.253558,-0.922351,-0.246,0.252,204.2,87.6,575.0,0.376,0.274,0.353,0.0,1.03,1.06,0.69,0.0,1.23,0.0,0.48,0.0,0.82,0.0,0.52,0.0,0.0,0.01,0.8,0.0,1.0,1.0,1.0,1.0,0.0,1.0,0.0,0.0,0.0,0.0,0.0,1.0,0.0,0.0,0.0,0.0,0.0,0.0
13,-0.173735,0.234653,-0.956428,-0.295153,0.262323,-0.918733,-0.245,0.259,204.3,87.8,574.2,0.377,0.276,0.352,0.0,0.9,1.01,0.57,0.0,1.25,0.0,0.48,0.0,0.86,0.0,0.55,0.0,0.0,0.01,0.83,0.0,1.0,1.0,1.0,1.0,0.0,1.0,0.0,0.0,0.0,0.0,0.0,1.0,0.0,0.0,0.0,0.0,0.0,0.0
14,-0.173758,0.238083,-0.955576,-0.302263,0.267801,-0.914833,-0.249,0.264,205.1,87.9,574.6,0.378,0.274,0.352,0.0,0.93,1.09,0.52,0.0,1.18,0.0,0.54,0.0,0.75,0.0,0.62,0.0,0.0,0.0,0.9,0.0,1.0,1.0,1.0,1.0,0.0,1.0,0.0,0.0,0.0,0.0,0.0,1.0,0.0,0.0,0.0,0.0,0.0,0.0
15,-0.17797,0.236859,-0.955104,-0.302755,0.281995,-0.910395,-0.252,0.271,205.9,87.8,575.2,0.381,0.272,0.351,0.0,0.97,1.02,0.27,0.0,1.11,0.0,0.58,0.0,0.68,0.0,0.62,0.0,0.0,0.0,0.93,0.0,1.0,1.0,1.0,1.0,0.0,1.0,0.0,0.0,0.0,0.0,0.0,1.0,0.0,0.0,0.0,0.0,0.0,0.0
16,-0.1807,0.238267,-0.954241,-0.305103,0.281502,-0.909763,-0.255,0.272,205.8,87.6,574.8,0.386,0.275,0.349,0.0,1.0,0.93,0.39,0.0,1.08,0.0,0.6,0.0,0.69,0.0,0.69,0.0,0.0,0.0,0.86,0.0,1.0,1.0,1.0,1.0,0.0,1.0,0.0,0.0,0.0,0.0,0.0,1.0,0.0,0.0,0.0,0.0,0.0,0.0
17,-0.166843,0.23988,-0.956358,-0.298697,0.267952,-0.915959,-0.244,0.265,206.8,87.5,576.0,0.384,0.271,0.352,0.0,0.81,0.84,0.28,0.0,1.26,0.0,0.63,0.0,0.61,0.0,0.72,0.0,0.0,0.0,0.86,0.07,1.0,1.0,1.0,1.0,0.0,1.0,0.0,0.0,0.0,0.0,0.0,1.0,0.0,0.0,0.0,0.0,0.0,0.0
18,-0.237099,0.298965,-0.92434,-0.304617,0.242253,-0.921152,-0.286,0.285,208.1,87.9,577.8,0.39,0.271,0.352,0.0,0.61,0.93,0.23,0.0,1.65,0.0,0.67,0.0,0.69,0.0,0.77,0.0,0.0,0.0,0.86,0.29,1.0,1.0,1.0,1.0,0.0,1.0,0.0,1.0,0.0,0.0,0.0,1.0,0.0,0.0,0.0,0.0,0.0,0.0
19,-0.290298,0.334378,-0.896615,-0.392516,0.244521,-0.886645,-0.366,0.314,209.2,88.8,579.8,0.384,0.261,0.355,0.0,0.56,1.11,0.0,0.0,1.91,0.0,0.79,0.0,0.71,0.0,0.73,0.0,0.0,0.0,0.85,0.36,1.0,1.0,1.0,1.0,0.0,1.0,0.0,1.0,0.0,0.0,0.0,1.0,0.0,0.0,0.0,0.0,0.0,0.0
20,-0.249016,0.346814,-0.904274,-0.37886,0.241055,-0.893508,-0.336,0.316,208.7,88.8,576.5,0.371,0.266,0.358,0.0,0.64,1.25,0.0,0.0,2.03,0.0,0.8,0.0,0.94,0.0,0.65,0.0,0.0,0.02,0.76,0.29,1.0,1.0,1.0,1.0,0.0,1.0,0.0,1.0,0.0,0.0,0.0,1.0,0.0,0.0,0.0,0.0,0.0,0.0
21,-0.180824,0.276498,-0.943849,-0.356285,0.207998,-0.910932,-0.282,0.256,208.8,88.8,575.3,0.37,0.268,0.361,0.0,0.72,1.24,0.01,0.0,1.81,0.0,0.76,0.0,0.94,0.0,0.61,0.0,0.0,0.02,0.63,0.06,1.0,1.0,1.0,1.0,0.0,1.0,0.0,1.0,0.0,0.0,0.0,1.0,0.0,0.0,0.0,0.0,0.0,0.0
22,-0.186392,0.261146,-0.947133,-0.346004,0.204338,-0.915711,-0.278,0.245,209.0,88.2,574.4,0.365,0.265,0.365,0.0,0.72,1.2,0.08,0.0,1.68,0.0,0.66,0.0,0.85,0.0,0.52,0.0,0.0,0.02,0.63,0.0,1.0,1.0,1.0,1.0,0.0,1.0,0.0,1.0,0.0,0.0,0.0,1.0,0.0,0.0,0.0,0.0,0.0,0.0
23,-0.174197,0.236897,-0.95579,-0.343473,0.202247,-0.917127,-0.27,0.23,209.8,88.1,574.9,0.364,0.261,0.369,0.0,0.66,1.07,0.09,0.0,1.5,0.0,0.61,0.0,0.7,0.0,0.53,0.0,0.0,0.0,0.68,0.0,1.0,1.0,1.0,1.0,0.0,1.0,0.0,1.0,0.0,0.0,0.0,1.0,0.0,0.0,0.0,0.0,0.0,0.0
24,-0.202475,0.206119,-0.95735,-0.350337,0.19649,-0.915781,-0.287,0.212,209.8,88.0,573.5,0.361,0.258,0.375,0.0,0.57,1.08,0.08,0.0,1.4,0.0,0.63,0.0,0.66,0.0,0.55,0.0,0.0,0.0,0.71,0.01,1.0,1.0,1.0,1.0,0.0,1.0,0.0,1.0,0.0,0.0,0.0,1.0,0.0,0.0,0.0,0.0,0.0,0.0
25,-0.177549,0.303022,-0.936298,-0.343919,0.141643,-0.928255,-0.273,0.234,210.7,88.9,574.7,0.365,0.257,0.372,0.0,0.6,1.2,0.01,0.04,1.68,0.0,0.75,0.0,0.77,0.0,0.63,0.0,0.0,0.0,0.63,0.41,1.0,1.0,1.0,0.0,0.0,1.0,0.0,1.0,0.0,0.0,0.0,1.0,0.0,0.0,0.0,0.0,0.0,0.0
26,-0.228844,0.487496,-0.842602,-0.478367,0.184077,-0.858651,-0.394,0.376,214.0,91.4,583.3,0.369,0.253,0.374,0.0,0.65,1.48,0.0,0.09,2.2,0.0,0.91,0.0,0.98,0.0,0.67,0.0,0.0,0.0,0.44,1.0,1.0,1.0,1.0,0.0,0.0,1.0,0.0,1.0,0.0,0.0,0.0,1.0,0.0,0.0,0.0,0.0,0.0,0.0
27,-0.252458,0.478886,-0.840793,-0.443308,0.340707,-0.829094,-0.395,0.456,215.4,92.2,586.1,0.361,0.25,0.377,0.0,0.63,1.61,0.0,0.15,2.62,0.0,0.93,0.0,0.97,0.0,0.58,0.0,0.0,0.0,0.43,1.38,1.0,1.0,1.0,0.0,0.0,1.0,0.0,1.0,0.0,0.0,0.0,1.0,0.0,0.0,0.0,0.0,0.0,0.0
28,-0.303942,0.415115,-0.857496,-0.463023,0.273035,-0.843245,-0.424,0.384,213.9,90.8,580.8,0.353,0.242,0.381,0.0,0.71,1.61,0.0,0.11,2.27,0.0,0.84,0.0,0.88,0.0,0.5,0.0,0.0,0.0,0.53,1.07,1.0,1.0,1.0,0.0,0.0,1.0,0.0,1.0,0.0,0.0,0.0,1.0,0.0,0.0,0.0,0.0,0.0,0.0
29,-0.279225,0.333812,-0.900335,-0.419102,0.210148,-0.883284,-0.373,0.296,213.0,90.4,577.1,0.358,0.242,0.38,0.0,0.71,1.44,0.0,0.07,1.64,0.0,0.71,0.0,0.81,0.0,0.46,0.0,0.0,0.0,0.63,0.54,1.0,1.0,1.0,0.0,0.0,1.0,0.0,1.0,0.0,0.0,0.0,1.0,0.0,0.0,0.0,0.0,0.0,0.0
30,-0.295498,0.278326,-0.913901,-0.432361,0.208941,-0.877159,-0.386,0.266,212.9,91.1,576.0,0.356,0.245,0.378,0.0,0.84,1.26,0.0,0.0,1.32,0.0,0.67,0.0,0.94,0.0,0.53,0.0,0.0,0.0,0.57,0.15,1.0,1.0,1.0,0.0,0.0,1.0,0.0,1.0,0.0,0.0,0.0,1.0,0.0,0.0,0.0,0.0,0.0,0.0
31,-0.322492,0.218192,-0.921081,-0.430203,0.209654,-0.878049,-0.396,0.233,213.2,91.9,576.5,0.353,0.245,0.377,0.0,0.61,1.17,0.0,0.0,1.26,0.0,0.68,0.0,1.08,0.0,0.54,0.0,0.0,0.0,0.62,0.06,1.0,1.0,1.0,0.0,0.0,1.0,0.0,1.0,0.0,0.0,0.0,1.0,0.0,0.0,0.0,0.0,0.0,0.0
32,-0.308844,0.229812,-0.922931,-0.438192,0.210196,-0.873959,-0.394,0.24,213.3,91.9,576.5,0.354,0.24,0.378,0.0,0.73,1.21,0.0,0.0,1.33,0.0,0.69,0.0,1.11,0.0,0.53,0.0,0.0,0.0,0.74,0.0,1.0,1.0,1.0,0.0,0.0,1.0,0.0,1.0,0.0,0.0,0.0,1.0,0.0,0.0,0.0,0.0,0.0,0.0
33,-0.287202,0.244527,-0.926133,-0.462479,0.226751,-0.857145,-0.398,0.258,213.1,91.3,575.6,0.357,0.235,0.38,0.0,0.75,1.33,0.0,0.0,1.37,0.0,0.67,0.0,1.07,0.0,0.5,0.0,0.0,0.0,0.85,0.0,1.0,1.0,1.0,0.0,0.0,1.0,0.0,0.0,0.0,0.0,0.0,1.0,0.0,0.0,0.0,0.0,0.0,0.0
34,-0.29795,0.257122,-0.919301,-0.461063,0.221558,-0.859263,-0.403,0.263,212.8,91.0,574.4,0.351,0.235,0.381,0.0,0.95,1.32,0.0,0.0,1.53,0.0,0.64,0.0,0.9,0.0,0.51,0.0,0.0,0.05,0.86,0.02,1.0,1.0,1.0,0.0,0.0,1.0,0.0,0.0,0.0,0.0,0.0,1.0,0.0,0.0,0.0,0.0,0.0,0.0
35,-0.323503,0.216556,-0.921113,-0.46096,0.205377,-0.863328,-0.414,0.232,213.0,91.4,574.7,0.357,0.235,0.38,0.0,0.89,1.22,0.0,0.0,1.6,0.0,0.63,0.0,0.81,0.0,0.52,0.0,0.0,0.13,0.75,0.06,1.0,1.0,1.0,0.0,0.0,1.0,0.0,0.0,0.0,0.0,0.0,1.0,0.0,0.0,0.0,0.0,0.0,0.0
36,-0.318107,0.230031,-0.919725,-0.422376,0.241715,-0.873598,-0.392,0.257,212.9,91.9,574.5,0.358,0.228,0.381,0.0,0.96,1.16,0.0,0.0,1.63,0.0,0.61,0.0,0.8,0.0,0.54,0.0,0.0,0.13,0.64,0.06,1.0,1.0,1.0,0.0,0.0,1.0,0.0,0.0,0.0,0.0,0.0,1.0,0.0,0.0,0.0,0.0,0.0,0.0
37,-0.310543,0.216995,-0.92546,-0.4218,0.212712,-0.881385,-0.385,0.233,213.0,92.2,574.6,0.354,0.227,0.384,0.0,0.93,1.14,0.0,0.0,1.65,0.0,0.65,0.0,0.94,0.0,0.57,0.0,0.0,0.08,0.6,0.12,1.0,1.0,1.0,0.0,0.0,1.0,0.0,1.0,0.0,0.0,0.0,1.0,0.0,0.0,0.0,0.0,0.0,0.0
38,-0.259189,0.275039,-0.925837,-0.404476,0.173239,-0.897991,-0.349,0.241,214.0,92.9,576.2,0.355,0.213,0.388,0.24,1.07,1.24,0.0,0.04,1.93,0.0,0.84,0.0,1.08,0.0,0.59,0.0,0.0,0.0,0.57,0.58,1.0,1.0,1.0,0.0,0.0,1.0,0.0,1.0,0.0,0.0,0.0,1.0,0.0,0.0,0.0,0.0,0.0,0.0
39,-0.209877,0.49207,-0.844878,-0.512751,0.283083,-0.810525,-0.412,0.438,217.4,95.8,584.1,0.353,0.186,0.395,0.62,1.13,1.27,0.0,0.07,2.1,0.02,0.98,0.0,1.2,0.0,0.66,0.0,0.0,0.0,0.56,1.14,1.0,1.0,1.0,0.0,0.0,1.0,0.0,0.0,0.0,0.0,0.0,1.0,0.0,0.0,0.0,0.0,0.0,0.0
40,-0.214352,0.519702,-0.827021,-0.466754,0.318297,-0.825123,-0.391,0.469,219.1,97.6,582.6,0.344,0.164,0.402,0.94,1.16,1.17,0.0,0.13,2.55,0.02,0.98,0.0,1.13,0.0,0.79,0.0,0.0,0.0,0.53,1.58,1.0,1.0,1.0,0.0,0.0,1.0,0.0,0.0,0.0,0.0,0.0,1.0,0.0,0.0,0.0,0.0,0.0,0.0
41,-0.197989,0.510048,-0.837049,-0.356209,0.296643,-0.886069,-0.311,0.438,221.7,99.5,580.8,0.367,0.145,0.39,0.87,1.0,1.22,0.0,0.13,2.68,0.02,0.91,0.0,1.2,0.0,0.97,0.0,0.0,0.17,0.57,1.34,1.0,1.0,1.0,0.0,0.0,1.0,0.0,0.0,0.0,0.0,0.0,1.0,0.0,0.0,0.0,0.0,0.0,0.0
42,-0.205252,0.501576,-0.840412,-0.340376,0.357004,-0.86988,-0.309,0.465,225.0,101.7,580.6,0.412,0.133,0.369,0.49,0.59,1.3,0.0,0.12,2.89,0.0,0.77,0.0,1.31,0.0,0.96,0.0,0.0,0.56,0.46,0.78,0.0,1.0,1.0,0.0,0.0,1.0,0.0,0.0,0.0,0.0,0.0,0.0,0.0,0.0,0.0,0.0,0.0,0.0
43,-0.117386,0.505624,-0.854731,-0.256792,0.374707,-0.890872,-0.211,0.467,223.5,102.4,565.2,0.439,0.105,0.326,0.17,0.26,1.46,0.0,0.13,2.51,0.0,0.66,0.0,1.5,0.0,0.75,0.0,0.0,1.18,0.38,0.25,0.0,1.0,1.0,0.0,0.0,1.0,0.0,0.0,0.0,0.0,0.0,0.0,0.0,0.0,1.0,0.0,0.0,0.0
44,-0.152189,0.487638,-0.859679,-0.241608,0.3015,-0.922346,-0.217,0.417,226.2,104.8,565.0,0.467,0.102,0.291,0.0,0.01,1.61,0.0,0.14,2.43,0.0,0.46,0.0,1.43,0.0,0.5,0.0,0.0,1.64,0.26,0.0,0.0,0.0,1.0,0.0,0.0,1.0,0.0,0.0,0.0,0.0,0.0,0.0,0.0,0.0,1.0,0.0,0.0,0.0
45,-0.15706,0.488749,-0.858171,-0.23197,0.310595,-0.921803,-0.215,0.422,229.0,107.1,567.0,0.498,0.084,0.274,0.0,0.01,1.81,0.0,0.14,2.26,0.0,0.27,0.0,1.19,0.0,0.3,0.0,0.0,1.88,0.44,0.0,0.0,0.0,1.0,0.0,0.0,1.0,0.0,0.0,0.0,0.0,0.0,0.0,0.0,0.0,1.0,1.0,0.0,0.0
46,-0.075975,0.489022,-0.868957,-0.223527,0.274617,-0.935212,-0.165,0.4,231.2,109.0,569.5,0.522,0.086,0.256,0.0,0.01,2.02,0.0,0.08,2.33,0.0,0.16,0.0,1.06,0.0,0.2,0.0,0.0,1.93,0.52,0.0,0.0,0.0,1.0,0.0,0.0,1.0,0.0,0.0,0.0,0.0,0.0,0.0,0.0,0.0,1.0,1.0,0.0,0.0
47,-0.057205,0.512689,-0.856667,-0.209256,0.216895,-0.953503,-0.146,0.383,233.3,110.5,572.9,0.544,0.084,0.234,0.0,0.0,2.05,0.0,0.07,2.12,0.03,0.04,0.0,0.81,0.0,0.07,0.0,0.0,2.02,0.66,0.0,0.0,0.0,1.0,0.0,0.0,1.0,0.0,0.0,0.0,0.0,0.0,0.0,0.0,0.0,1.0,1.0,0.0,0.0
48,-0.096507,0.511472,-0.853863,-0.203197,0.301916,-0.931428,-0.166,0.428,235.8,112.5,578.0,0.558,0.081,0.224,0.0,0.0,1.97,0.0,0.08,1.84,0.05,0.04,0.0,0.81,0.0,0.04,0.0,0.0,2.05,0.61,0.0,0.0,0.0,1.0,0.0,0.0,1.0,0.0,0.0,0.0,0.0,0.0,0.0,0.0,0.0,1.0,1.0,0.0,0.0
49,-0.062568,0.495945,-0.866097,-0.205205,0.352981,-0.91285,-0.149,0.445,237.5,114.0,581.6,0.564,0.087,0.21,0.0,0.0,2.02,0.0,0.21,1.73,0.12,0.02,0.0,0.8,0.0,0.13,0.0,0.0,1.9,0.58,0.0,0.0,0.0,1.0,0.0,0.0,1.0,0.0,0.0,0.0,0.0,0.0,0.0,0.0,0.0,1.0,1.0,0.0,0.0
50,-0.048978,0.511601,-0.857826,-0.259281,0.382897,-0.886658,-0.175,0.474,239.0,114.8,584.2,0.57,0.084,0.199,0.0,0.0,2.07,0.0,0.25,1.52,0.2,0.0,0.0,1.0,0.0,0.18,0.0,0.0,1.76,0.58,0.0,0.0,0.0,1.0,0.0,0.0,1.0,0.0,0.0,0.0,0.0,0.0,0.0,0.0,0.0,1.0,1.0,0.0,0.0
51,-0.035617,0.504718,-0.862549,-0.26244,0.411106,-0.872993,-0.17,0.486,241.4,116.1,588.9,0.572,0.085,0.191,0.0,0.0,2.12,0.0,0.23,1.31,0.26,0.0,0.0,1.14,0.0,0.15,0.0,0.0,1.68,0.58,0.0,0.0,0.0,1.0,0.0,0.0,1.0,0.0,0.0,0.0,0.0,0.0,0.0,0.0,0.0,1.0,1.0,0.0,0.0
52,-0.019704,0.545706,-0.837745,-0.253995,0.418331,-0.872058,-0.159,0.513,243.9,117.4,594.1,0.582,0.091,0.181,0.0,0.0,2.04,0.0,0.15,1.01,0.26,0.01,0.0,1.18,0.0,0.1,0.0,0.0,1.8,0.6,0.0,0.0,0.0,1.0,0.0,0.0,1.0,0.0,0.0,0.0,0.0,0.0,0.0,0.0,0.0,1.0,1.0,0.0,0.0
53,-0.035554,0.493991,-0.86874,-0.349422,0.379863,-0.856509,-0.22,0.469,242.6,117.6,590.9,0.642,0.097,0.152,0.0,0.0,1.87,0.0,0.2,0.76,0.15,0.09,0.05,1.25,0.0,0.04,0.0,0.0,1.84,0.53,0.0,0.0,0.0,1.0,0.0,0.0,0.0,0.0,0.0,0.0,0.0,0.0,0.0,0.0,0.0,1.0,1.0,0.0,0.0
54,-0.049387,0.479224,-0.876302,-0.287084,0.348811,-0.89214,-0.188,0.438,238.8,116.5,582.1,0.699,0.093,0.142,0.0,0.0,1.76,0.0,0.23,0.49,0.06,0.18,0.05,1.15,0.0,0.04,0.0,0.0,2.04,0.59,0.0,0.0,0.0,1.0,0.0,0.0,0.0,0.0,0.0,0.0,0.0,0.0,0.0,0.0,0.0,1.0,1.0,0.0,0.0
55,0.001447,0.567592,-0.823309,-0.311851,0.374963,-0.873013,-0.181,0.507,239.0,116.5,582.2,0.684,0.085,0.159,0.0,0.0,1.68,0.0,0.36,0.49,0.0,0.25,0.05,1.14,0.0,0.0,0.0,0.0,2.17,0.63,0.0,0.0,0.0,1.0,0.0,0.0,0.0,0.0,0.0,0.0,0.0,0.0,0.0,0.0,0.0,1.0,1.0,0.0,0.0
56,0.016938,0.549802,-0.835123,-0.265172,0.308445,-0.913535,-0.141,0.456,239.6,117.0,584.0,0.688,0.075,0.17,0.0,0.0,1.64,0.0,0.34,0.46,0.01,0.18,0.0,0.97,0.0,0.0,0.0,0.0,2.41,0.73,0.0,0.0,1.0,1.0,0.0,0.0,0.0,0.0,0.0,0.0,0.0,0.0,0.0,0.0,0.0,1.0,1.0,0.0,0.0
57,0.037531,0.591875,-0.805156,-0.236092,0.409536,-0.881216,-0.117,0.536,240.4,117.4,585.8,0.682,0.069,0.186,0.0,0.0,1.55,0.0,0.4,0.66,0.08,0.12,0.0,0.97,0.0,0.0,0.0,0.0,2.23,0.77,0.0,0.0,1.0,1.0,0.0,0.0,0.0,0.0,0.0,0.0,0.0,0.0,0.0,0.0,0.0,1.0,1.0,0.0,0.0
58,0.006482,0.518388,-0.855121,-0.226104,0.388664,-0.893206,-0.125,0.479,242.1,118.2,589.4,0.681,0.071,0.179,0.0,0.0,1.67,0.0,0.28,0.56,0.08,0.07,0.0,0.87,0.0,0.0,0.0,0.0,2.31,0.73,0.0,0.0,1.0,1.0,0.0,0.0,0.0,0.0,0.0,0.0,0.0,0.0,0.0,0.0,0.0,1.0,1.0,0.0,0.0
59,-0.018529,0.612265,-0.790436,-0.229174,0.411791,-0.881991,-0.147,0.549,240.4,117.9,587.3,0.68,0.08,0.196,0.0,0.0,1.8,0.0,0.21,0.54,0.15,0.07,0.0,0.92,0.0,0.0,0.0,0.0,2.36,0.76,0.0,0.0,1.0,1.0,0.0,0.0,0.0,0.0,0.0,0.0,0.0,0.0,0.0,0.0,0.0,1.0,1.0,0.0,0.0
60,-0.0431,0.626707,-0.778062,-0.275914,0.345957,-0.896764,-0.188,0.526,240.1,117.9,587.8,0.683,0.068,0.218,0.0,0.0,1.87,0.0,0.1,0.4,0.15,0.03,0.0,0.89,0.0,0.0,0.0,0.0,2.57,0.81,0.0,0.0,1.0,1.0,0.0,0.0,0.0,0.0,0.0,0.0,0.0,0.0,0.0,0.0,0.0,1.0,1.0,0.0,0.0
61,-0.069833,0.58903,-0.805088,-0.238217,0.321074,-0.916605,-0.177,0.486,240.3,118.0,589.3,0.674,0.073,0.234,0.0,0.0,1.86,0.0,0.04,0.29,0.17,0.0,0.0,0.84,0.0,0.0,0.0,0.0,2.56,0.92,0.0,0.0,1.0,1.0,0.0,0.0,0.0,0.0,0.0,0.0,0.0,0.0,0.0,0.0,0.0,1.0,1.0,0.0,0.0
62,-0.009467,0.640099,-0.768234,-0.238342,0.275389,-0.931318,-0.145,0.494,239.9,118.4,590.0,0.67,0.075,0.248,0.0,0.16,1.91,0.0,0.0,0.38,0.13,0.02,0.0,0.77,0.0,0.0,0.0,0.0,2.5,0.94,0.0,0.0,1.0,1.0,0.0,0.0,0.0,0.0,0.0,0.0,0.0,0.0,0.0,0.0,0.0,1.0,1.0,0.0,0.0
63,-0.014224,0.617282,-0.786614,-0.280582,0.314206,-0.906945,-0.172,0.503,239.7,118.8,590.3,0.675,0.077,0.252,0.0,0.46,2.04,0.0,0.0,0.45,0.09,0.02,0.0,0.61,0.0,0.0,0.0,0.0,2.53,1.08,0.0,0.0,1.0,1.0,0.0,0.0,0.0,0.0,0.0,0.0,0.0,0.0,0.0,0.0,0.0,1.0,1.0,0.0,0.0
64,-0.019927,0.644799,-0.764093,-0.331561,0.28099,-0.900618,-0.208,0.508,240.1,119.1,592.0,0.677,0.072,0.253,0.0,0.72,1.93,0.0,0.05,0.53,0.06,0.02,0.0,0.5,0.0,0.01,0.0,0.0,2.47,1.14,0.0,0.0,1.0,1.0,0.0,0.0,0.0,0.0,0.0,0.0,0.0,0.0,0.0,0.0,0.0,1.0,1.0,0.0,0.0
65,-0.064178,0.653895,-0.753859,-0.369458,0.317473,-0.873334,-0.26,0.538,239.8,118.8,591.8,0.681,0.079,0.258,0.0,0.66,1.58,0.0,0.05,0.36,0.04,0.02,0.0,0.36,0.0,0.01,0.0,0.0,2.37,1.26,0.0,0.0,1.0,1.0,0.0,0.0,0.0,0.0,0.0,0.0,0.0,0.0,0.0,0.0,0.0,1.0,1.0,0.0,0.0
66,-0.058455,0.661146,-0.747977,-0.377616,0.288875,-0.879748,-0.262,0.528,240.3,118.7,593.1,0.677,0.082,0.261,0.0,0.86,1.28,0.0,0.05,0.26,0.09,0.05,0.0,0.34,0.0,0.01,0.0,0.0,2.3,1.24,0.0,0.0,1.0,1.0,0.0,0.0,0.0,0.0,0.0,0.0,0.0,0.0,0.0,0.0,0.0,1.0,1.0,0.0,0.0
67,-0.048314,0.677371,-0.734054,-0.379214,0.269502,-0.885193,-0.258,0.529,240.8,119.0,594.8,0.674,0.086,0.262,0.0,1.1,1.18,0.0,0.0,0.27,0.09,0.05,0.0,0.43,0.0,0.05,0.0,0.0,2.3,1.23,0.0,0.0,1.0,1.0,0.0,0.0,0.0,0.0,0.0,0.0,0.0,0.0,0.0,0.0,0.0,1.0,1.0,0.0,0.0
68,-0.029703,0.686577,-0.72645,-0.380868,0.297991,-0.875295,-0.251,0.551,240.4,118.7,593.9,0.672,0.086,0.264,0.0,1.27,1.28,0.0,0.0,0.34,0.1,0.03,0.0,0.5,0.0,0.06,0.0,0.0,2.34,1.27,0.0,0.0,1.0,1.0,0.0,0.0,0.0,0.0,0.0,0.0,0.0,0.0,0.0,0.0,0.0,1.0,1.0,0.0,0.0
69,-0.065987,0.642349,-0.763567,-0.397995,0.319714,-0.859874,-0.278,0.535,240.6,118.6,594.2,0.681,0.084,0.263,0.0,1.09,1.36,0.0,0.0,0.34,0.03,0.0,0.0,0.49,0.0,0.13,0.0,0.0,2.42,1.23,0.0,0.0,1.0,1.0,0.0,0.0,0.0,0.0,0.0,0.0,0.0,0.0,0.0,0.0,0.0,1.0,1.0,0.0,0.0
70,-0.036653,0.633612,-0.772783,-0.419035,0.309415,-0.853623,-0.273,0.525,240.8,118.2,594.1,0.685,0.083,0.264,0.0,1.02,1.35,0.0,0.0,0.2,0.03,0.0,0.0,0.45,0.0,0.15,0.0,0.0,2.34,1.29,0.0,0.0,1.0,1.0,0.0,0.0,0.0,0.0,0.0,0.0,0.0,0.0,0.0,0.0,0.0,1.0,1.0,0.0,0.0
71,-0.031069,0.654261,-0.75563,-0.365512,0.287768,-0.885206,-0.237,0.521,240.8,117.8,593.4,0.689,0.087,0.264,0.0,0.95,1.49,0.0,0.0,0.29,0.0,0.0,0.0,0.3,0.0,0.23,0.0,0.0,2.35,1.21,0.0,0.0,1.0,1.0,0.0,0.0,0.0,0.0,0.0,0.0,0.0,0.0,0.0,0.0,0.0,1.0,1.0,0.0,0.0
72,-0.03794,0.488729,-0.87161,-0.366488,0.280058,-0.887273,-0.226,0.412,239.4,116.6,589.2,0.685,0.093,0.275,0.0,0.78,1.53,0.0,0.0,0.26,0.03,0.01,0.0,0.19,0.0,0.21,0.0,0.0,2.27,1.26,0.0,0.0,1.0,1.0,0.0,0.0,0.0,0.0,0.0,0.0,0.0,0.0,0.0,0.0,0.0,1.0,1.0,0.0,0.0
73,-0.133364,0.367292,-0.920495,-0.368716,0.307248,-0.877295,-0.272,0.359,238.8,116.0,586.7,0.693,0.09,0.284,0.0,0.55,1.66,0.0,0.0,0.25,0.06,0.01,0.0,0.07,0.0,0.25,0.0,0.0,2.3,1.2,0.0,0.0,1.0,1.0,0.0,0.0,0.0,0.0,0.0,0.0,0.0,0.0,0.0,0.0,0.0,1.0,1.0,0.0,0.0
74,-0.130333,0.361597,-0.92318,-0.412529,0.294093,-0.862165,-0.295,0.352,240.4,116.3,589.2,0.689,0.093,0.285,0.0,0.41,1.53,0.0,0.0,0.12,0.1,0.01,0.0,0.09,0.0,0.25,0.0,0.0,2.25,1.18,0.0,0.0,1.0,1.0,0.0,0.0,0.0,0.0,0.0,0.0,0.0,0.0,0.0,0.0,0.0,1.0,1.0,0.0,0.0
75,-0.129969,0.367593,-0.92086,-0.398777,0.310548,-0.862866,-0.288,0.363,240.9,115.8,588.2,0.684,0.093,0.289,0.0,0.25,1.64,0.0,0.0,0.3,0.11,0.03,0.0,0.13,0.0,0.24,0.0,0.0,2.22,1.2,0.0,0.0,1.0,1.0,0.0,0.0,0.0,0.0,0.0,0.0,0.0,0.0,0.0,0.0,0.0,1.0,1.0,0.0,0.0
76,-0.138606,0.349953,-0.926457,-0.376904,0.337584,-0.862543,-0.281,0.367,240.7,115.7,586.5,0.7,0.089,0.283,0.0,0.06,1.5,0.0,0.0,0.67,0.18,0.03,0.0,0.22,0.0,0.16,0.0,0.0,2.21,1.41,0.0,0.0,1.0,1.0,0.0,0.0,0.0,0.0,0.0,0.0,0.0,0.0,0.0,0.0,0.0,1.0,1.0,0.0,0.0
77,-0.142171,0.351596,-0.925293,-0.379817,0.357491,-0.853193,-0.285,0.379,239.9,115.6,583.3,0.712,0.095,0.273,0.0,0.0,1.4,0.0,0.0,0.95,0.25,0.05,0.0,0.21,0.0,0.07,0.0,0.0,2.12,1.64,0.0,0.0,1.0,1.0,0.0,0.0,0.0,0.0,0.0,0.0,0.0,0.0,0.0,0.0,0.0,1.0,1.0,0.0,0.0
78,-0.136652,0.363375,-0.921567,-0.413319,0.41446,-0.810796,-0.307,0.422,239.3,115.5,580.1,0.727,0.095,0.256,0.0,0.0,1.07,0.0,0.0,1.06,0.25,0.04,0.0,0.15,0.0,0.02,0.0,0.0,1.95,1.78,0.0,0.0,1.0,1.0,0.0,0.0,0.0,1.0,0.0,0.0,0.0,0.0,0.0,0.0,0.0,1.0,1.0,0.0,0.0
79,-0.134519,0.353562,-0.925688,-0.380497,0.406991,-0.83041,-0.285,0.409,238.8,115.1,577.3,0.737,0.1,0.241,0.0,0.0,0.93,0.0,0.0,0.92,0.15,0.06,0.0,0.04,0.0,0.1,0.0,0.0,1.71,1.99,0.0,0.0,1.0,1.0,0.0,0.0,0.0,1.0,0.0,0.0,0.0,0.0,0.0,0.0,0.0,1.0,1.0,0.0,0.0
80,-0.168707,0.329839,-0.92884,-0.39974,0.348017,-0.847993,-0.31,0.364,238.7,114.7,575.7,0.759,0.099,0.225,0.0,0.0,0.8,0.0,0.0,0.92,0.03,0.09,0.0,0.0,0.0,0.22,0.0,0.0,1.54,2.22,0.0,0.0,1.0,1.0,0.0,0.0,0.0,1.0,0.0,0.0,0.0,0.0,0.0,0.0,0.0,1.0,1.0,0.0,0.0
81,-0.162035,0.338745,-0.92682,-0.37917,0.38359,-0.842074,-0.297,0.388,238.7,114.6,574.3,0.769,0.107,0.207,0.0,0.0,0.52,0.0,0.0,0.57,0.0,0.07,0.0,0.0,0.0,0.22,0.0,0.0,0.98,1.61,0.0,0.0,1.0,1.0,0.0,0.0,0.0,0.0,0.0,0.0,0.0,0.0,0.0,0.0,0.0,1.0,1.0,0.0,0.0
82,0.0,0.0,0.0,0.0,0.0,0.0,0.0,0.0,236.9,113.9,569.0,0.797,0.117,0.176,0.0,0.0,0.23,0.0,0.0,0.35,0.0,0.04,0.0,0.0,0.0,0.12,0.0,0.0,0.49,0.83,0.0,0.0,0.0,0.0,0.0,0.0,0.0,0.0,0.0,0.0,0.0,0.0,0.0,0.0,0.0,0.0,0.0,0.0,0.0
83,0.0,0.0,0.0,0.0,0.0,0.0,0.0,0.0,228.8,112.7,555.8,0.86,0.156,0.173,0.0,0.0,0.0,0.0,0.0,0.0,0.0,0.0,0.0,0.0,0.0,0.0,0.0,0.0,0.0,0.0,0.0,0.0,0.0,0.0,0.0,0.0,0.0,0.0,0.0,0.0,0.0,0.0,0.0,0.0,0.0,0.0,0.0,0.0,0.0
84,0.0,0.0,0.0,0.0,0.0,0.0,0.0,0.0,221.7,113.0,548.9,0.871,0.23,0.196,0.0,0.0,0.0,0.0,0.0,0.0,0.0,0.0,0.0,0.0,0.0,0.0,0.0,0.0,0.0,0.0,0.0,0.0,0.0,0.0,0.0,0.0,0.0,0.0,0.0,0.0,0.0,0.0,0.0,0.0,0.0,0.0,0.0,0.0,0.0
85,0.0,0.0,0.0,0.0,0.0,0.0,0.0,0.0,220.5,114.5,552.1,0.864,0.23,0.263,0.0,0.0,0.0,0.0,0.0,0.0,0.0,0.0,0.0,0.0,0.0,0.0,0.0,0.0,0.0,0.0,0.0,0.0,0.0,0.0,0.0,0.0,0.0,0.0,0.0,0.0,0.0,0.0,0.0,0.0,0.0,0.0,0.0,0.0,0.0
86,0.0,0.0,0.0,0.0,0.0,0.0,0.0,0.0,225.4,117.7,565.6,0.855,0.195,0.357,0.0,0.0,0.0,0.0,0.0,0.0,0.0,0.0,0.0,0.0,0.0,0.0,0.0,0.0,0.0,0.0,0.0,0.0,0.0,0.0,0.0,0.0,0.0,0.0,0.0,0.0,0.0,0.0,0.0,0.0,0.0,0.0,0.0,0.0,0.0
87,0.0,0.0,0.0,0.0,0.0,0.0,0.0,0.0,230.0,120.6,576.3,0.839,0.18,0.399,0.0,0.0,0.0,0.0,0.0,0.0,0.0,0.0,0.0,0.0,0.0,0.0,0.0,0.0,0.0,0.0,0.0,0.0,0.0,0.0,0.0,0.0,0.0,0.0,0.0,0.0,0.0,0.0,0.0,0.0,0.0,0.0,0.0,0.0,0.0
88,0.0,0.0,0.0,0.0,0.0,0.0,0.0,0.0,231.0,122.1,578.5,0.846,0.191,0.403,0.0,0.0,0.0,0.0,0.0,0.0,0.0,0.0,0.0,0.0,0.0,0.0,0.0,0.0,0.0,0.0,0.0,0.0,0.0,0.0,0.0,0.0,0.0,0.0,0.0,0.0,0.0,0.0,0.0,0.0,0.0,0.0,0.0,0.0,0.0
89,0.0,0.0,0.0,0.0,0.0,0.0,0.0,0.0,231.3,122.4,579.8,0.872,0.157,0.413,0.0,0.0,0.0,0.0,0.0,0.0,0.0,0.0,0.0,0.0,0.0,0.0,0.0,0.0,0.0,0.0,0.0,0.0,0.0,0.0,0.0,0.0,0.0,0.0,0.0,0.0,0.0,0.0,0.0,0.0,0.0,0.0,0.0,0.0,0.0
90,0.0,0.0,0.0,0.0,0.0,0.0,0.0,0.0,230.4,121.8,579.4,0.884,0.141,0.402,0.0,0.0,0.0,0.0,0.0,0.0,0.0,0.0,0.0,0.0,0.0,0.0,0.0,0.0,0.0,0.0,0.0,0.0,0.0,0.0,0.0,0.0,0.0,0.0,0.0,0.0,0.0,0.0,0.0,0.0,0.0,0.0,0.0,0.0,0.0
91,0.0,0.0,0.0,0.0,0.0,0.0,0.0,0.0,230.5,123.2,583.3,0.903,0.164,0.37,0.0,0.0,0.0,0.0,0.0,0.0,0.0,0.0,0.0,0.0,0.0,0.0,0.0,0.0,0.0,0.0,0.0,0.0,0.0,0.0,0.0,0.0,0.0,0.0,0.0,0.0,0.0,0.0,0.0,0.0,0.0,0.0,0.0,0.0,0.0
92,0.0,0.0,0.0,0.0,0.0,0.0,0.0,0.0,230.5,125.0,585.2,0.905,0.157,0.379,0.0,0.0,0.0,0.0,0.0,0.0,0.0,0.0,0.0,0.0,0.0,0.0,0.0,0.0,0.0,0.0,0.0,0.0,0.0,0.0,0.0,0.0,0.0,0.0,0.0,0.0,0.0,0.0,0.0,0.0,0.0,0.0,0.0,0.0,0.0
93,0.0,0.0,0.0,0.0,0.0,0.0,0.0,0.0,231.4,126.8,589.0,0.914,0.163,0.352,0.0,0.0,0.0,0.0,0.0,0.0,0.0,0.0,0.0,0.0,0.0,0.0,0.0,0.0,0.0,0.0,0.0,0.0,0.0,0.0,0.0,0.0,0.0,0.0,0.0,0.0,0.0,0.0,0.0,0.0,0.0,0.0,0.0,0.0,0.0
94,0.0,0.0,0.0,0.0,0.0,0.0,0.0,0.0,231.3,127.7,590.5,0.917,0.184,0.338,0.0,0.0,0.0,0.0,0.0,0.0,0.0,0.0,0.0,0.0,0.0,0.0,0.0,0.0,0.0,0.0,0.0,0.0,0.0,0.0,0.0,0.0,0.0,0.0,0.0,0.0,0.0,0.0,0.0,0.0,0.0,0.0,0.0,0.0,0.0
95,0.0,0.0,0.0,0.0,0.0,0.0,0.0,0.0,232.0,129.3,595.0,0.908,0.192,0.343,0.0,0.0,0.0,0.0,0.0,0.0,0.0,0.0,0.0,0.0,0.0,0.0,0.0,0.0,0.0,0.0,0.0,0.0,0.0,0.0,0.0,0.0,0.0,0.0,0.0,0.0,0.0,0.0,0.0,0.0,0.0,0.0,0.0,0.0,0.0
96,0.0,0.0,0.0,0.0,0.0,0.0,0.0,0.0,230.1,130.5,593.8,0.917,0.196,0.352,0.0,0.0,0.0,0.0,0.0,0.0,0.0,0.0,0.0,0.0,0.0,0.0,0.0,0.0,0.0,0.0,0.0,0.0,0.0,0.0,0.0,0.0,0.0,0.0,0.0,0.0,0.0,0.0,0.0,0.0,0.0,0.0,0.0,0.0,0.0
97,0.0,0.0,0.0,0.0,0.0,0.0,0.0,0.0,230.7,132.1,595.8,0.919,0.201,0.367,0.0,0.0,0.0,0.0,0.0,0.0,0.0,0.0,0.0,0.0,0.0,0.0,0.0,0.0,0.0,0.0,0.0,0.0,0.0,0.0,0.0,0.0,0.0,0.0,0.0,0.0,0.0,0.0,0.0,0.0,0.0,0.0,0.0,0.0,0.0
98,0.0,0.0,0.0,0.0,0.0,0.0,0.0,0.0,227.9,131.7,589.3,0.93,0.231,0.364,0.0,0.0,0.0,0.0,0.0,0.0,0.0,0.0,0.0,0.0,0.0,0.0,0.0,0.0,0.0,0.0,0.0,0.0,0.0,0.0,0.0,0.0,0.0,0.0,0.0,0.0,0.0,0.0,0.0,0.0,0.0,0.0,0.0,0.0,0.0
99,0.0,0.0,0.0,0.0,0.0,0.0,0.0,0.0,225.9,131.1,585.6,0.935,0.228,0.374,0.0,0.0,0.0,0.0,0.0,0.0,0.0,0.0,0.0,0.0,0.0,0.0,0.0,0.0,0.0,0.0,0.0,0.0,0.0,0.0,0.0,0.0,0.0,0.0,0.0,0.0,0.0,0.0,0.0,0.0,0.0,0.0,0.0,0.0,0.0
100,0.0,0.0,0.0,0.0,0.0,0.0,0.0,0.0,223.0,129.9,579.6,0.941,0.24,0.37,0.0,0.0,0.0,0.0,0.0,0.0,0.0,0.0,0.0,0.0,0.0,0.0,0.0,0.0,0.0,0.0,0.0,0.0,0.0,0.0,0.0,0.0,0.0,0.0,0.0,0.0,0.0,0.0,0.0,0.0,0.0,0.0,0.0,0.0,0.0
101,0.0,0.0,0.0,0.0,0.0,0.0,0.0,0.0,221.9,130.0,576.2,0.949,0.253,0.36,0.0,0.0,0.0,0.0,0.0,0.0,0.0,0.0,0.0,0.0,0.0,0.0,0.0,0.0,0.0,0.0,0.0,0.0,0.0,0.0,0.0,0.0,0.0,0.0,0.0,0.0,0.0,0.0,0.0,0.0,0.0,0.0,0.0,0.0,0.0
102,0.0,0.0,0.0,0.0,0.0,0.0,0.0,0.0,218.9,128.8,568.7,0.961,0.281,0.335,0.0,0.0,0.0,0.0,0.0,0.0,0.0,0.0,0.0,0.0,0.0,0.0,0.0,0.0,0.0,0.0,0.0,0.0,0.0,0.0,0.0,0.0,0.0,0.0,0.0,0.0,0.0,0.0,0.0,0.0,0.0,0.0,0.0,0.0,0.0
103,0.0,0.0,0.0,0.0,0.0,0.0,0.0,0.0,216.7,127.9,564.4,0.976,0.287,0.335,0.0,0.0,0.0,0.0,0.0,0.0,0.0,0.0,0.0,0.0,0.0,0.0,0.0,0.0,0.0,0.0,0.0,0.0,0.0,0.0,0.0,0.0,0.0,0.0,0.0,0.0,0.0,0.0,0.0,0.0,0.0,0.0,0.0,0.0,0.0
104,0.0,0.0,0.0,0.0,0.0,0.0,0.0,0.0,216.3,127.6,564.0,0.976,0.29,0.33,0.0,0.0,0.0,0.0,0.0,0.0,0.0,0.0,0.0,0.0,0.0,0.0,0.0,0.0,0.0,0.0,0.0,0.0,0.0,0.0,0.0,0.0,0.0,0.0,0.0,0.0,0.0,0.0,0.0,0.0,0.0,0.0,0.0,0.0,0.0
105,0.0,0.0,0.0,0.0,0.0,0.0,0.0,0.0,216.1,127.6,563.8,0.98,0.297,0.319,0.0,0.0,0.0,0.0,0.0,0.0,0.0,0.0,0.0,0.0,0.0,0.0,0.0,0.0,0.0,0.0,0.0,0.0,0.0,0.0,0.0,0.0,0.0,0.0,0.0,0.0,0.0,0.0,0.0,0.0,0.0,0.0,0.0,0.0,0.0
106,0.0,0.0,0.0,0.0,0.0,0.0,0.0,0.0,218.2,128.9,570.1,0.974,0.285,0.341,0.0,0.0,0.0,0.0,0.0,0.0,0.0,0.0,0.0,0.0,0.0,0.0,0.0,0.0,0.0,0.0,0.0,0.0,0.0,0.0,0.0,0.0,0.0,0.0,0.0,0.0,0.0,0.0,0.0,0.0,0.0,0.0,0.0,0.0,0.0
107,0.0,0.0,0.0,0.0,0.0,0.0,0.0,0.0,218.4,129.4,570.2,0.964,0.28,0.351,0.0,0.0,0.0,0.0,0.0,0.0,0.0,0.0,0.0,0.0,0.0,0.0,0.0,0.0,0.0,0.0,0.0,0.0,0.0,0.0,0.0,0.0,0.0,0.0,0.0,0.0,0.0,0.0,0.0,0.0,0.0,0.0,0.0,0.0,0.0
108,0.0,0.0,0.0,0.0,0.0,0.0,0.0,0.0,216.0,127.9,562.7,0.974,0.28,0.339,0.0,0.0,0.0,0.0,0.0,0.0,0.0,0.0,0.0,0.0,0.0,0.0,0.0,0.0,0.0,0.0,0.0,0.0,0.0,0.0,0.0,0.0,0.0,0.0,0.0,0.0,0.0,0.0,0.0,0.0,0.0,0.0,0.0,0.0,0.0
109,0.0,0.0,0.0,0.0,0.0,0.0,0.0,0.0,214.5,126.9,559.5,0.971,0.267,0.352,0.0,0.0,0.0,0.0,0.0,0.0,0.0,0.0,0.0,0.0,0.0,0.0,0.0,0.0,0.0,0.0,0.0,0.0,0.0,0.0,0.0,0.0,0.0,0.0,0.0,0.0,0.0,0.0,0.0,0.0,0.0,0.0,0.0,0.0,0.0
110,0.0,0.0,0.0,0.0,0.0,0.0,0.0,0.0,212.8,125.9,555.2,0.977,0.279,0.338,0.0,0.0,0.0,0.0,0.0,0.0,0.0,0.0,0.0,0.0,0.0,0.0,0.0,0.0,0.0,0.0,0.0,0.0,0.0,0.0,0.0,0.0,0.0,0.0,0.0,0.0,0.0,0.0,0.0,0.0,0.0,0.0,0.0,0.0,0.0
111,0.0,0.0,0.0,0.0,0.0,0.0,0.0,0.0,209.3,123.2,544.0,0.996,0.27,0.336,0.0,0.0,0.0,0.0,0.0,0.0,0.0,0.0,0.0,0.0,0.0,0.0,0.0,0.0,0.0,0.0,0.0,0.0,0.0,0.0,0.0,0.0,0.0,0.0,0.0,0.0,0.0,0.0,0.0,0.0,0.0,0.0,0.0,0.0,0.0
112,0.0,0.0,0.0,0.0,0.0,0.0,0.0,0.0,208.8,123.4,543.1,0.99,0.27,0.344,0.0,0.0,0.0,0.0,0.0,0.0,0.0,0.0,0.0,0.0,0.0,0.0,0.0,0.0,0.0,0.0,0.0,0.0,0.0,0.0,0.0,0.0,0.0,0.0,0.0,0.0,0.0,0.0,0.0,0.0,0.0,0.0,0.0,0.0,0.0
113,0.0,0.0,0.0,0.0,0.0,0.0,0.0,0.0,207.1,122.5,538.9,0.989,0.286,0.329,0.0,0.0,0.0,0.0,0.0,0.0,0.0,0.0,0.0,0.0,0.0,0.0,0.0,0.0,0.0,0.0,0.0,0.0,0.0,0.0,0.0,0.0,0.0,0.0,0.0,0.0,0.0,0.0,0.0,0.0,0.0,0.0,0.0,0.0,0.0
114,0.0,0.0,0.0,0.0,0.0,0.0,0.0,0.0,208.5,123.9,543.1,0.993,0.292,0.336,0.0,0.0,0.0,0.0,0.0,0.0,0.0,0.0,0.0,0.0,0.0,0.0,0.0,0.0,0.0,0.0,0.0,0.0,0.0,0.0,0.0,0.0,0.0,0.0,0.0,0.0,0.0,0.0,0.0,0.0,0.0,0.0,0.0,0.0,0.0
115,0.0,0.0,0.0,0.0,0.0,0.0,0.0,0.0,209.0,124.3,544.5,0.992,0.296,0.346,0.0,0.0,0.0,0.0,0.0,0.0,0.0,0.0,0.0,0.0,0.0,0.0,0.0,0.0,0.0,0.0,0.0,0.0,0.0,0.0,0.0,0.0,0.0,0.0,0.0,0.0,0.0,0.0,0.0,0.0,0.0,0.0,0.0,0.0,0.0
116,0.0,0.0,0.0,0.0,0.0,0.0,0.0,0.0,209.7,124.9,545.6,0.992,0.297,0.351,0.0,0.0,0.0,0.0,0.0,0.0,0.0,0.0,0.0,0.0,0.0,0.0,0.0,0.0,0.0,0.0,0.0,0.0,0.0,0.0,0.0,0.0,0.0,0.0,0.0,0.0,0.0,0.0,0.0,0.0,0.0,0.0,0.0,0.0,0.0
117,0.0,0.0,0.0,0.0,0.0,0.0,0.0,0.0,208.0,124.2,540.4,1.002,0.295,0.33,0.0,0.0,0.0,0.0,0.0,0.0,0.0,0.0,0.0,0.0,0.0,0.0,0.0,0.0,0.0,0.0,0.0,0.0,0.0,0.0,0.0,0.0,0.0,0.0,0.0,0.0,0.0,0.0,0.0,0.0,0.0,0.0,0.0,0.0,0.0
118,0.0,0.0,0.0,0.0,0.0,0.0,0.0,0.0,206.4,123.5,536.5,1.012,0.29,0.324,0.0,0.0,0.0,0.0,0.0,0.0,0.0,0.0,0.0,0.0,0.0,0.0,0.0,0.0,0.0,0.0,0.0,0.0,0.0,0.0,0.0,0.0,0.0,0.0,0.0,0.0,0.0,0.0,0.0,0.0,0.0,0.0,0.0,0.0,0.0
119,0.0,0.0,0.0,0.0,0.0,0.0,0.0,0.0,204.5,122.4,531.8,1.014,0.291,0.314,0.0,0.0,0.0,0.0,0.0,0.0,0.0,0.0,0.0,0.0,0.0,0.0,0.0,0.0,0.0,0.0,0.0,0.0,0.0,0.0,0.0,0.0,0.0,0.0,0.0,0.0,0.0,0.0,0.0,0.0,0.0,0.0,0.0,0.0,0.0
120,0.0,0.0,0.0,0.0,0.0,0.0,0.0,0.0,204.8,122.7,533.0,1.006,0.296,0.326,0.0,0.0,0.0,0.0,0.0,0.0,0.0,0.0,0.0,0.0,0.0,0.0,0.0,0.0,0.0,0.0,0.0,0.0,0.0,0.0,0.0,0.0,0.0,0.0,0.0,0.0,0.0,0.0,0.0,0.0,0.0,0.0,0.0,0.0,0.0
121,0.0,0.0,0.0,0.0,0.0,0.0,0.0,0.0,204.0,122.3,531.4,1.004,0.3,0.331,0.0,0.0,0.0,0.0,0.0,0.0,0.0,0.0,0.0,0.0,0.0,0.0,0.0,0.0,0.0,0.0,0.0,0.0,0.0,0.0,0.0,0.0,0.0,0.0,0.0,0.0,0.0,0.0,0.0,0.0,0.0,0.0,0.0,0.0,0.0
122,0.0,0.0,0.0,0.0,0.0,0.0,0.0,0.0,206.5,123.8,537.8,0.985,0.306,0.351,0.0,0.0,0.0,0.0,0.0,0.0,0.0,0.0,0.0,0.0,0.0,0.0,0.0,0.0,0.0,0.0,0.0,0.0,0.0,0.0,0.0,0.0,0.0,0.0,0.0,0.0,0.0,0.0,0.0,0.0,0.0,0.0,0.0,0.0,0.0
123,0.0,0.0,0.0,0.0,0.0,0.0,0.0,0.0,208.3,124.4,541.2,0.974,0.302,0.375,0.0,0.0,0.0,0.0,0.0,0.0,0.0,0.0,0.0,0.0,0.0,0.0,0.0,0.0,0.0,0.0,0.0,0.0,0.0,0.0,0.0,0.0,0.0,0.0,0.0,0.0,0.0,0.0,0.0,0.0,0.0,0.0,0.0,0.0,0.0
124,0.0,0.0,0.0,0.0,0.0,0.0,0.0,0.0,211.5,126.4,550.0,0.958,0.299,0.393,0.0,0.0,0.0,0.0,0.0,0.0,0.0,0.0,0.0,0.0,0.0,0.0,0.0,0.0,0.0,0.0,0.0,0.0,0.0,0.0,0.0,0.0,0.0,0.0,0.0,0.0,0.0,0.0,0.0,0.0,0.0,0.0,0.0,0.0,0.0
125,0.0,0.0,0.0,0.0,0.0,0.0,0.0,0.0,212.0,127.4,552.4,0.962,0.315,0.388,0.0,0.0,0.0,0.0,0.0,0.0,0.0,0.0,0.0,0.0,0.0,0.0,0.0,0.0,0.0,0.0,0.0,0.0,0.0,0.0,0.0,0.0,0.0,0.0,0.0,0.0,0.0,0.0,0.0,0.0,0.0,0.0,0.0,0.0,0.0
126,0.0,0.0,0.0,0.0,0.0,0.0,0.0,0.0,214.4,129.4,559.5,0.952,0.322,0.412,0.0,0.0,0.0,0.0,0.0,0.0,0.0,0.0,0.0,0.0,0.0,0.0,0.0,0.0,0.0,0.0,0.0,0.0,0.0,0.0,0.0,0.0,0.0,0.0,0.0,0.0,0.0,0.0,0.0,0.0,0.0,0.0,0.0,0.0,0.0
127,0.0,0.0,0.0,0.0,0.0,0.0,0.0,0.0,216.3,130.7,563.3,0.945,0.327,0.416,0.0,0.0,0.0,0.0,0.0,0.0,0.0,0.0,0.0,0.0,0.0,0.0,0.0,0.0,0.0,0.0,0.0,0.0,0.0,0.0,0.0,0.0,0.0,0.0,0.0,0.0,0.0,0.0,0.0,0.0,0.0,0.0,0.0,0.0,0.0
128,0.0,0.0,0.0,0.0,0.0,0.0,0.0,0.0,219.8,132.7,571.4,0.94,0.318,0.45,0.0,0.0,0.0,0.0,0.0,0.0,0.0,0.0,0.0,0.0,0.0,0.0,0.0,0.0,0.0,0.0,0.0,0.0,0.0,0.0,0.0,0.0,0.0,0.0,0.0,0.0,0.0,0.0,0.0,0.0,0.0,0.0,0.0,0.0,0.0
129,0.0,0.0,0.0,0.0,0.0,0.0,0.0,0.0,222.4,134.1,576.6,0.934,0.311,0.473,0.0,0.0,0.0,0.0,0.0,0.0,0.0,0.0,0.0,0.0,0.0,0.0,0.0,0.0,0.0,0.0,0.0,0.0,0.0,0.0,0.0,0.0,0.0,0.0,0.0,0.0,0.0,0.0,0.0,0.0,0.0,0.0,0.0,0.0,0.0
130,0.0,0.0,0.0,0.0,0.0,0.0,0.0,0.0,226.6,135.5,583.8,0.923,0.311,0.488,0.0,0.0,0.0,0.0,0.0,0.0,0.0,0.0,0.0,0.0,0.0,0.0,0.0,0.0,0.0,0.0,0.0,0.0,0.0,0.0,0.0,0.0,0.0,0.0,0.0,0.0,0.0,0.0,0.0,0.0,0.0,0.0,0.0,0.0,0.0
131,0.0,0.0,0.0,0.0,0.0,0.0,0.0,0.0,228.3,135.9,585.5,0.923,0.321,0.482,0.0,0.0,0.0,0.0,0.0,0.0,0.0,0.0,0.0,0.0,0.0,0.0,0.0,0.0,0.0,0.0,0.0,0.0,0.0,0.0,0.0,0.0,0.0,0.0,0.0,0.0,0.0,0.0,0.0,0.0,0.0,0.0,0.0,0.0,0.0
132,0.0,0.0,0.0,0.0,0.0,0.0,0.0,0.0,218.8,128.2,553.7,0.957,0.314,0.454,0.0,0.0,0.0,0.0,0.0,0.0,0.0,0.0,0.0,0.0,0.0,0.0,0.0,0.0,0.0,0.0,0.0,0.0,0.0,0.0,0.0,0.0,0.0,0.0,0.0,0.0,0.0,0.0,0.0,0.0,0.0,0.0,0.0,0.0,0.0
133,0.0,0.0,0.0,0.0,0.0,0.0,0.0,0.0,216.6,127.4,550.8,0.967,0.328,0.412,0.0,0.0,0.0,0.0,0.0,0.0,0.0,0.0,0.0,0.0,0.0,0.0,0.0,0.0,0.0,0.0,0.0,0.0,0.0,0.0,0.0,0.0,0.0,0.0,0.0,0.0,0.0,0.0,0.0,0.0,0.0,0.0,0.0,0.0,0.0
134,0.0,0.0,0.0,0.0,0.0,0.0,0.0,0.0,216.9,128.3,553.1,0.96,0.312,0.441,0.0,0.0,0.0,0.0,0.0,0.0,0.0,0.0,0.0,0.0,0.0,0.0,0.0,0.0,0.0,0.0,0.0,0.0,0.0,0.0,0.0,0.0,0.0,0.0,0.0,0.0,0.0,0.0,0.0,0.0,0.0,0.0,0.0,0.0,0.0
135,0.0,0.0,0.0,0.0,0.0,0.0,0.0,0.0,218.7,128.9,557.1,0.933,0.319,0.463,0.0,0.0,0.0,0.0,0.0,0.0,0.0,0.0,0.0,0.0,0.0,0.0,0.0,0.0,0.0,0.0,0.0,0.0,0.0,0.0,0.0,0.0,0.0,0.0,0.0,0.0,0.0,0.0,0.0,0.0,0.0,0.0,0.0,0.0,0.0
136,0.0,0.0,0.0,0.0,0.0,0.0,0.0,0.0,219.7,130.0,560.7,0.941,0.316,0.466,0.0,0.0,0.0,0.0,0.0,0.0,0.0,0.0,0.0,0.0,0.0,0.0,0.0,0.0,0.0,0.0,0.0,0.0,0.0,0.0,0.0,0.0,0.0,0.0,0.0,0.0,0.0,0.0,0.0,0.0,0.0,0.0,0.0,0.0,0.0
137,0.0,0.0,0.0,0.0,0.0,0.0,0.0,0.0,222.0,131.3,565.9,0.933,0.322,0.476,0.0,0.0,0.0,0.0,0.0,0.0,0.0,0.0,0.0,0.0,0.0,0.0,0.0,0.0,0.0,0.0,0.0,0.0,0.0,0.0,0.0,0.0,0.0,0.0,0.0,0.0,0.0,0.0,0.0,0.0,0.0,0.0,0.0,0.0,0.0
138,0.0,0.0,0.0,0.0,0.0,0.0,0.0,0.0,224.9,132.0,571.4,0.922,0.313,0.492,0.0,0.0,0.0,0.0,0.0,0.0,0.0,0.0,0.0,0.0,0.0,0.0,0.0,0.0,0.0,0.0,0.0,0.0,0.0,0.0,0.0,0.0,0.0,0.0,0.0,0.0,0.0,0.0,0.0,0.0,0.0,0.0,0.0,0.0,0.0
139,0.0,0.0,0.0,0.0,0.0,0.0,0.0,0.0,227.3,133.2,575.9,0.918,0.337,0.489,0.0,0.0,0.0,0.0,0.0,0.0,0.0,0.0,0.0,0.0,0.0,0.0,0.0,0.0,0.0,0.0,0.0,0.0,0.0,0.0,0.0,0.0,0.0,0.0,0.0,0.0,0.0,0.0,0.0,0.0,0.0,0.0,0.0,0.0,0.0
140,0.0,0.0,0.0,0.0,0.0,0.0,0.0,0.0,235.2,137.2,594.1,0.904,0.314,0.509,0.0,0.0,0.0,0.0,0.0,0.0,0.0,0.0,0.0,0.0,0.0,0.0,0.0,0.0,0.0,0.0,0.0,0.0,0.0,0.0,0.0,0.0,0.0,0.0,0.0,0.0,0.0,0.0,0.0,0.0,0.0,0.0,0.0,0.0,0.0
141,0.0,0.0,0.0,0.0,0.0,0.0,0.0,0.0,244.2,140.5,609.9,0.888,0.276,0.529,0.0,0.0,0.0,0.0,0.0,0.0,0.0,0.0,0.0,0.0,0.0,0.0,0.0,0.0,0.0,0.0,0.0,0.0,0.0,0.0,0.0,0.0,0.0,0.0,0.0,0.0,0.0,0.0,0.0,0.0,0.0,0.0,0.0,0.0,0.0
142,0.0,0.0,0.0,0.0,0.0,0.0,0.0,0.0,252.3,143.5,626.5,0.886,0.229,0.548,0.0,0.0,0.0,0.0,0.0,0.0,0.0,0.0,0.0,0.0,0.0,0.0,0.0,0.0,0.0,0.0,0.0,0.0,0.0,0.0,0.0,0.0,0.0,0.0,0.0,0.0,0.0,0.0,0.0,0.0,0.0,0.0,0.0,0.0,0.0
143,0.0,0.0,0.0,0.0,0.0,0.0,0.0,0.0,256.2,144.8,634.8,0.891,0.208,0.55,0.0,0.0,0.0,0.0,0.0,0.0,0.0,0.0,0.0,0.0,0.0,0.0,0.0,0.0,0.0,0.0,0.0,0.0,0.0,0.0,0.0,0.0,0.0,0.0,0.0,0.0,0.0,0.0,0.0,0.0,0.0,0.0,0.0,0.0,0.0
144,0.0,0.0,0.0,0.0,0.0,0.0,0.0,0.0,259.5,145.8,641.5,0.892,0.196,0.551,0.0,0.0,0.0,0.0,0.0,0.0,0.0,0.0,0.0,0.0,0.0,0.0,0.0,0.0,0.0,0.0,0.0,0.0,0.0,0.0,0.0,0.0,0.0,0.0,0.0,0.0,0.0,0.0,0.0,0.0,0.0,0.0,0.0,0.0,0.0
145,0.0,0.0,0.0,0.0,0.0,0.0,0.0,0.0,260.8,146.9,645.0,0.899,0.194,0.553,0.0,0.0,0.0,0.0,0.0,0.0,0.0,0.0,0.0,0.0,0.0,0.0,0.0,0.0,0.0,0.0,0.0,0.0,0.0,0.0,0.0,0.0,0.0,0.0,0.0,0.0,0.0,0.0,0.0,0.0,0.0,0.0,0.0,0.0,0.0
146,0.0,0.0,0.0,0.0,0.0,0.0,0.0,0.0,267.5,151.0,662.3,0.883,0.197,0.553,0.0,0.0,0.0,0.0,0.0,0.0,0.0,0.0,0.0,0.0,0.0,0.0,0.0,0.0,0.0,0.0,0.0,0.0,0.0,0.0,0.0,0.0,0.0,0.0,0.0,0.0,0.0,0.0,0.0,0.0,0.0,0.0,0.0,0.0,0.0
147,0.0,0.0,0.0,0.0,0.0,0.0,0.0,0.0,275.4,155.6,682.8,0.863,0.18,0.589,0.0,0.0,0.0,0.0,0.0,0.0,0.0,0.0,0.0,0.0,0.0,0.0,0.0,0.0,0.0,0.0,0.0,0.0,0.0,0.0,0.0,0.0,0.0,0.0,0.0,0.0,0.0,0.0,0.0,0.0,0.0,0.0,0.0,0.0,0.0
148,0.0,0.0,0.0,0.0,0.0,0.0,0.0,0.0,288.9,163.1,717.6,0.805,0.164,0.63,0.0,0.0,0.0,0.0,0.0,0.0,0.0,0.0,0.0,0.0,0.0,0.0,0.0,0.0,0.0,0.0,0.0,0.0,0.0,0.0,0.0,0.0,0.0,0.0,0.0,0.0,0.0,0.0,0.0,0.0,0.0,0.0,0.0,0.0,0.0
149,0.0,0.0,0.0,0.0,0.0,0.0,0.0,0.0,292.3,165.7,728.5,0.787,0.138,0.659,0.0,0.0,0.0,0.0,0.0,0.0,0.0,0.0,0.0,0.0,0.0,0.0,0.0,0.0,0.0,0.0,0.0,0.0,0.0,0.0,0.0,0.0,0.0,0.0,0.0,0.0,0.0,0.0,0.0,0.0,0.0,0.0,0.0,0.0,0.0
150,0.0,0.0,0.0,0.0,0.0,0.0,0.0,0.0,296.0,168.8,738.2,0.758,0.129,0.658,0.0,0.0,0.0,0.0,0.0,0.0,0.0,0.0,0.0,0.0,0.0,0.0,0.0,0.0,0.0,0.0,0.0,0.0,0.0,0.0,0.0,0.0,0.0,0.0,0.0,0.0,0.0,0.0,0.0,0.0,0.0,0.0,0.0,0.0,0.0
151,0.0,0.0,0.0,0.0,0.0,0.0,0.0,0.0,297.0,170.3,742.1,0.763,0.132,0.658,0.0,0.0,0.0,0.0,0.0,0.0,0.0,0.0,0.0,0.0,0.0,0.0,0.0,0.0,0.0,0.0,0.0,0.0,0.0,0.0,0.0,0.0,0.0,0.0,0.0,0.0,0.0,0.0,0.0,0.0,0.0,0.0,0.0,0.0,0.0
152,0.0,0.0,0.0,0.0,0.0,0.0,0.0,0.0,297.7,172.5,745.5,0.717,0.105,0.663,0.0,0.0,0.0,0.0,0.02,0.48,0.03,0.3,0.0,0.0,0.24,0.54,0.19,0.0,0.11,0.33,0.0,0.0,0.0,0.0,0.0,0.0,0.0,0.0,0.0,0.0,0.0,0.0,0.0,0.0,0.0,0.0,0.0,0.0,0.0
153,-0.282051,0.522768,-0.804463,-0.364297,0.392936,-0.844328,-0.374,0.507,296.6,173.1,743.6,0.669,0.071,0.678,0.0,0.0,0.0,0.0,0.02,0.91,0.19,0.63,0.0,0.0,0.25,1.21,0.4,0.0,0.33,0.76,0.0,0.0,0.0,0.0,0.0,0.0,0.0,0.0,0.0,0.0,0.0,1.0,0.0,0.0,0.0,0.0,0.0,0.0,1.0
154,-0.276078,0.528936,-0.802501,-0.300049,0.465564,-0.832599,-0.339,0.546,296.6,174.0,744.7,0.671,0.041,0.684,0.0,0.0,0.0,0.01,0.02,1.3,0.33,0.84,0.0,0.0,0.25,1.65,0.52,0.0,0.65,1.17,0.0,0.0,0.0,0.0,1.0,0.0,0.0,0.0,0.0,0.0,0.0,1.0,0.0,0.0,0.0,1.0,1.0,0.0,1.0
155,-0.194762,0.58906,-0.784268,-0.286823,0.31172,-0.905849,-0.278,0.49,296.1,174.1,744.3,0.666,0.025,0.673,0.0,0.0,0.02,0.01,0.0,1.36,0.41,0.78,0.0,0.0,0.04,1.58,0.5,0.0,0.77,1.22,0.0,0.0,0.0,1.0,1.0,0.0,0.0,0.0,0.0,0.0,0.0,1.0,0.0,0.0,0.0,1.0,1.0,0.0,1.0
156,-0.239963,0.527086,-0.815229,-0.286687,0.275691,-0.917499,-0.295,0.434,296.2,174.7,745.1,0.661,0.02,0.661,0.0,0.0,0.08,0.11,0.0,1.54,0.32,0.64,0.0,0.0,0.03,1.28,0.52,0.0,0.85,1.3,0.0,0.0,0.0,1.0,1.0,0.0,0.0,0.0,0.0,0.0,0.0,1.0,0.0,0.0,0.0,1.0,1.0,0.0,1.0
157,-0.268731,0.516068,-0.813301,-0.26523,0.345421,-0.900188,-0.302,0.466,295.2,173.9,742.8,0.661,0.007,0.649,0.0,0.0,0.12,0.1,0.0,1.8,0.22,0.54,0.0,0.01,0.03,1.2,0.56,0.0,0.83,1.33,0.0,0.0,0.0,1.0,1.0,0.0,0.0,0.0,0.0,0.0,0.0,1.0,0.0,0.0,0.0,1.0,1.0,0.0,1.0
158,-0.254801,0.514624,-0.818681,-0.241091,0.350597,-0.904962,-0.28,0.465,295.2,173.8,742.6,0.659,-0.012,0.648,0.0,0.0,0.11,0.1,0.04,1.75,0.16,0.45,0.0,0.01,0.0,1.09,0.49,0.0,0.83,1.47,0.17,0.0,0.0,1.0,1.0,0.0,0.0,0.0,0.0,0.0,0.0,1.0,0.0,0.0,0.0,1.0,1.0,0.0,1.0
159,-0.179856,0.55908,-0.809371,-0.194638,0.403434,-0.894068,-0.216,0.514,295.9,173.9,744.1,0.642,-0.038,0.645,0.0,0.0,0.05,0.2,0.11,1.53,0.12,0.31,0.0,0.01,0.0,0.98,0.33,0.0,0.66,1.13,0.17,0.0,0.0,1.0,1.0,0.0,0.0,0.0,0.0,0.0,0.0,1.0,0.0,0.0,0.0,1.0,1.0,0.0,1.0
160,-0.213413,0.534552,-0.817746,-0.168741,0.427126,-0.888307,-0.22,0.513,294.2,173.5,739.9,0.639,-0.054,0.651,0.0,0.0,0.02,0.42,0.16,1.22,0.17,0.22,0.0,0.0,0.01,0.97,0.44,0.0,0.53,0.9,0.19,0.0,0.0,0.0,1.0,0.0,0.0,0.0,0.0,0.0,0.0,1.0,0.0,0.0,0.0,0.0,1.0,0.0,1.0
161,-0.217231,0.479186,-0.850407,-0.156379,0.42015,-0.893879,-0.211,0.476,292.4,173.1,735.4,0.638,-0.065,0.652,0.0,0.0,0.01,0.42,0.12,1.09,0.21,0.07,0.0,0.0,0.01,1.02,0.53,0.0,0.47,0.7,0.21,0.0,0.0,0.0,0.0,0.0,0.0,0.0,0.0,0.0,0.0,1.0,0.0,1.0,0.0,0.0,1.0,0.0,1.0
162,-0.184765,0.481539,-0.856728,-0.201045,0.340356,-0.918552,-0.214,0.434,291.3,172.6,732.5,0.627,-0.065,0.655,0.0,0.0,0.0,0.22,0.05,1.02,0.23,0.02,0.0,0.0,0.1,1.13,0.61,0.0,0.54,0.69,0.43,0.0,0.0,0.0,0.0,0.0,0.0,0.0,0.0,0.0,0.0,1.0,0.0,1.0,0.0,0.0,1.0,0.0,1.0
163,-0.15304,0.508378,-0.847426,-0.180554,0.324582,-0.928465,-0.186,0.439,290.2,172.1,729.9,0.627,-0.074,0.663,0.0,0.0,0.0,0.0,0.0,0.82,0.14,0.0,0.0,0.0,0.1,1.11,0.47,0.01,0.59,0.7,0.58,0.0,0.0,0.0,0.0,0.0,0.0,0.0,0.0,0.0,0.0,1.0,0.0,1.0,0.0,0.0,0.0,0.0,1.0
164,-0.183983,0.469554,-0.863521,-0.139748,0.319984,-0.93706,-0.178,0.413,289.2,171.7,727.6,0.626,-0.087,0.67,0.0,0.0,0.0,0.09,0.0,0.49,0.08,0.0,0.0,0.0,0.2,1.26,0.48,0.08,0.63,0.56,0.38,0.0,0.0,0.0,0.0,0.0,0.0,0.0,0.0,0.0,0.0,1.0,1.0,1.0,0.0,0.0,0.0,0.0,1.0
165,-0.180963,0.473653,-0.861919,-0.116774,0.354877,-0.927591,-0.165,0.434,287.0,171.0,722.1,0.619,-0.094,0.675,0.0,0.0,0.0,0.09,0.0,0.33,0.06,0.0,0.0,0.0,0.1,1.4,0.32,0.2,0.6,0.64,0.17,0.0,0.0,0.0,0.0,0.0,0.0,0.0,0.0,0.0,0.0,1.0,1.0,1.0,0.0,0.0,0.0,0.0,1.0
166,-0.082916,0.517422,-0.851704,-0.144904,0.329254,-0.933057,-0.127,0.443,288.0,171.6,724.7,0.608,-0.091,0.672,0.0,0.0,0.0,0.09,0.0,0.34,0.06,0.07,0.0,0.06,0.1,1.63,0.26,0.39,0.65,0.48,0.01,0.0,0.0,0.0,0.0,0.0,0.0,0.0,0.0,0.0,0.0,1.0,1.0,1.0,0.0,0.0,0.0,0.0,1.0
167,-0.11566,0.48141,-0.868831,-0.148046,0.281179,-0.948167,-0.144,0.397,287.6,171.5,723.6,0.607,-0.097,0.681,0.0,0.0,0.0,0.0,0.0,0.4,0.13,0.07,0.0,0.06,0.0,1.55,0.21,0.56,0.81,0.42,0.01,0.0,0.0,1.0,0.0,0.0,0.0,0.0,0.0,0.0,0.0,1.0,1.0,0.0,0.0,0.0,0.0,0.0,1.0
168,-0.140924,0.483455,-0.863951,-0.136004,0.283511,-0.949276,-0.152,0.4,287.3,171.2,722.7,0.604,-0.103,0.69,0.0,0.0,0.0,0.0,0.0,0.52,0.09,0.07,0.0,0.06,0.0,1.49,0.33,0.65,0.86,0.33,0.01,0.0,0.0,1.0,0.0,0.0,0.0,0.0,0.0,0.0,0.0,1.0,1.0,0.0,0.0,0.0,0.0,0.0,1.0
169,-0.162241,0.477355,-0.863603,-0.170927,0.252846,-0.952288,-0.181,0.382,287.5,171.0,722.8,0.587,-0.096,0.69,0.0,0.0,0.0,0.0,0.0,0.43,0.09,0.0,0.0,0.0,0.0,1.41,0.36,0.69,0.81,0.29,0.0,0.0,0.0,1.0,0.0,0.0,0.0,0.0,0.0,0.0,0.0,1.0,1.0,0.0,0.0,0.0,0.0,0.0,1.0
170,-0.117054,0.495143,-0.86089,-0.17913,0.25811,-0.949364,-0.162,0.394,287.2,171.5,722.5,0.577,-0.097,0.699,0.0,0.0,0.0,0.04,0.0,0.47,0.0,0.0,0.0,0.0,0.0,1.46,0.29,0.71,0.56,0.16,0.0,0.0,0.0,1.0,0.0,0.0,0.0,0.0,0.0,0.0,0.0,0.0,1.0,0.0,0.0,0.0,0.0,0.0,1.0
171,-0.117794,0.520056,-0.845971,-0.174782,0.397239,-0.900917,-0.166,0.484,288.1,172.5,724.5,0.561,-0.099,0.702,0.0,0.0,0.0,0.04,0.0,0.48,0.0,0.0,0.0,0.0,0.0,1.57,0.17,0.69,0.53,0.0,0.0,0.0,0.0,1.0,0.0,0.0,0.0,0.0,0.0,0.0,0.0,0.0,1.0,0.0,0.0,0.0,0.0,0.0,1.0
172,-0.091829,0.475082,-0.875137,-0.159713,0.33606,-0.9282,-0.139,0.423,288.4,173.3,726.0,0.56,-0.1,0.711,0.0,0.0,0.0,0.04,0.0,0.69,0.08,0.0,0.0,0.0,0.0,1.67,0.06,0.58,0.36,0.01,0.0,0.0,0.0,1.0,0.0,0.0,0.0,0.0,0.0,0.0,0.0,0.0,1.0,0.0,0.0,0.0,0.0,0.0,1.0
173,-0.075993,0.492949,-0.866733,-0.17205,0.368702,-0.913487,-0.138,0.451,288.8,173.7,727.7,0.55,-0.103,0.719,0.0,0.0,0.0,0.0,0.0,0.88,0.08,0.0,0.0,0.0,0.0,1.68,0.0,0.43,0.44,0.12,0.0,0.0,0.0,1.0,0.0,0.0,0.0,0.0,0.0,0.0,0.0,0.0,1.0,0.0,0.0,0.0,0.0,0.0,1.0
174,-0.042049,0.497503,-0.866442,-0.178748,0.340474,-0.923107,-0.123,0.438,288.0,173.0,725.3,0.542,-0.108,0.721,0.0,0.0,0.0,0.0,0.0,0.92,0.08,0.0,0.0,0.0,0.0,1.55,0.0,0.26,0.47,0.12,0.0,0.0,0.0,1.0,0.0,0.0,0.0,0.0,0.0,0.0,0.0,0.0,1.0,0.0,0.0,0.0,0.0,0.0,1.0
175,-0.081311,0.47236,-0.877647,-0.162232,0.303134,-0.939037,-0.133,0.403,288.8,173.5,727.3,0.529,-0.111,0.73,0.02,0.0,0.0,0.0,0.0,1.08,0.05,0.01,0.0,0.0,0.0,1.45,0.0,0.19,0.59,0.15,0.0,0.0,0.0,1.0,0.0,0.0,0.0,0.0,0.0,0.0,0.0,1.0,1.0,0.0,0.0,0.0,0.0,0.0,1.0
176,-0.070834,0.47749,-0.875777,-0.123288,0.350322,-0.92848,-0.107,0.43,289.7,174.3,729.8,0.52,-0.117,0.745,0.02,0.0,0.01,0.0,0.0,1.25,0.06,0.01,0.0,0.0,0.0,1.24,0.0,0.09,0.52,0.11,0.0,0.0,0.0,1.0,0.0,0.0,0.0,0.0,0.0,0.0,0.0,1.0,0.0,0.0,0.0,0.0,0.0,0.0,1.0
177,-0.136967,0.468234,-0.872924,-0.133213,0.319747,-0.938092,-0.148,0.41,290.9,175.6,733.4,0.514,-0.117,0.757,0.14,0.0,0.04,0.0,0.0,1.21,0.06,0.01,0.0,0.0,0.0,1.1,0.0,0.07,0.43,0.15,0.0,0.0,0.0,1.0,0.0,0.0,0.0,0.0,0.0,0.0,0.0,1.0,0.0,0.0,0.0,0.0,0.0,0.0,1.0
178,-0.102556,0.495308,-0.862643,-0.133739,0.358856,-0.923762,-0.132,0.446,292.3,176.4,736.9,0.515,-0.12,0.767,0.15,0.0,0.04,0.0,0.0,1.09,0.01,0.0,0.0,0.0,0.04,0.95,0.0,0.01,0.38,0.17,0.0,0.0,0.0,1.0,0.0,0.0,0.0,0.0,0.0,0.0,0.0,1.0,0.0,0.0,0.0,0.0,0.0,0.0,1.0
179,-0.108176,0.473247,-0.874263,-0.119352,0.347917,-0.929897,-0.125,0.427,292.2,176.7,737.3,0.511,-0.119,0.779,0.17,0.0,0.05,0.0,0.0,0.68,0.0,0.0,0.0,0.0,0.27,0.91,0.0,0.0,0.46,0.21,0.0,0.0,0.0,1.0,0.0,0.0,0.0,0.0,0.0,0.0,0.0,1.0,0.0,0.0,0.0,0.0,0.0,0.0,1.0
180,-0.155079,0.45768,-0.875488,-0.12362,0.357608,-0.925654,-0.154,0.425,290.0,175.5,732.3,0.518,-0.125,0.783,0.06,0.0,0.03,0.0,0.0,0.4,0.0,0.0,0.0,0.0,0.38,0.78,0.0,0.0,0.51,0.2,0.0,0.0,0.0,1.0,0.0,0.0,0.0,0.0,0.0,0.0,0.0,1.0,0.0,0.0,0.0,0.0,0.0,0.0,1.0
181,-0.086263,0.502134,-0.860477,-0.09554,0.36472,-0.926202,-0.101,0.452,291.7,176.9,736.7,0.517,-0.131,0.788,0.02,0.0,0.03,0.0,0.0,0.15,0.02,0.0,0.0,0.0,0.61,0.67,0.0,0.0,0.38,0.15,0.0,0.0,0.0,1.0,0.0,0.0,0.0,0.0,0.0,0.0,0.0,1.0,0.0,0.0,0.0,0.0,0.0,0.0,1.0
182,-0.104824,0.508143,-0.85487,-0.072702,0.36081,-0.929801,-0.099,0.453,292.3,177.6,738.0,0.517,-0.134,0.786,0.0,0.0,0.0,0.0,0.0,0.31,0.02,0.0,0.0,0.0,0.48,0.65,0.0,0.0,0.16,0.05,0.0,0.0,0.0,1.0,0.0,0.0,0.0,0.0,0.0,0.0,0.0,1.0,0.0,0.0,0.0,0.0,0.0,0.0,1.0
183,-0.127781,0.464089,-0.876523,-0.068918,0.356084,-0.931909,-0.108,0.426,293.3,177.9,740.4,0.516,-0.133,0.782,0.0,0.0,0.0,0.0,0.0,0.53,0.02,0.0,0.0,0.0,0.61,0.73,0.0,0.0,0.0,0.02,0.0,0.0,0.0,1.0,0.0,0.0,0.0,0.0,0.0,0.0,0.0,1.0,0.0,0.0,0.0,0.0,0.0,0.0,1.0
184,-0.114703,0.49226,-0.862858,-0.080384,0.346763,-0.934502,-0.108,0.437,294.1,178.0,741.4,0.516,-0.134,0.787,0.0,0.0,0.0,0.0,0.0,0.7,0.0,0.0,0.0,0.0,0.66,0.81,0.0,0.0,0.0,0.0,0.0,0.0,0.0,1.0,0.0,0.0,0.0,0.0,0.0,0.0,0.0,1.0,0.0,0.0,0.0,0.0,0.0,0.0,1.0
185,-0.12797,0.458748,-0.879303,-0.135912,0.336763,-0.931729,-0.145,0.414,294.6,178.4,742.8,0.521,-0.136,0.791,0.0,0.0,0.0,0.0,0.0,0.5,0.0,0.0,0.0,0.0,0.69,0.92,0.0,0.03,0.0,0.01,0.0,0.0,0.0,1.0,0.0,0.0,0.0,0.0,0.0,0.0,0.0,1.0,0.0,0.0,0.0,0.0,0.0,0.0,1.0
186,0.000369,0.41008,-0.91205,-0.101011,0.314022,-0.944027,-0.054,0.372,298.0,180.7,750.1,0.5,-0.131,0.782,0.01,0.0,0.0,0.0,0.0,0.56,0.0,0.0,0.0,0.0,0.62,1.13,0.0,0.06,0.0,0.08,0.0,0.0,0.0,0.0,0.0,0.0,0.0,0.0,0.0,0.0,0.0,1.0,0.0,0.0,0.0,0.0,0.0,0.0,1.0
187,-0.051369,0.436192,-0.898386,-0.120965,0.344771,-0.93086,-0.094,0.404,299.0,180.8,751.2,0.495,-0.133,0.777,0.01,0.0,0.0,0.0,0.0,0.69,0.0,0.1,0.0,0.0,0.42,1.29,0.0,0.09,0.0,0.16,0.0,0.0,0.0,0.0,0.0,0.0,0.0,0.0,0.0,0.0,0.0,1.0,0.0,0.0,0.0,0.0,0.0,0.0,1.0
188,-0.031978,0.411255,-0.910959,-0.107762,0.325199,-0.939486,-0.075,0.379,299.6,180.8,752.0,0.492,-0.137,0.777,0.03,0.0,0.0,0.0,0.0,0.92,0.0,0.15,0.0,0.0,0.37,1.4,0.0,0.05,0.13,0.15,0.0,0.0,0.0,0.0,0.0,0.0,0.0,0.0,0.0,0.0,0.0,1.0,0.0,0.0,0.0,0.0,0.0,0.0,1.0
189,-0.028163,0.448319,-0.89343,-0.090437,0.302746,-0.948771,-0.064,0.387,300.2,181.1,753.8,0.489,-0.14,0.775,0.12,0.0,0.0,0.0,0.0,0.78,0.0,0.15,0.0,0.0,0.2,1.4,0.0,0.02,0.23,0.19,0.0,0.0,0.0,0.0,0.0,0.0,0.0,0.0,0.0,0.0,0.0,1.0,0.0,0.0,0.0,0.0,0.0,0.0,1.0
190,-0.051272,0.437851,-0.897584,-0.059178,0.296056,-0.953335,-0.06,0.377,301.8,182.3,758.0,0.488,-0.135,0.769,0.34,0.0,0.0,0.0,0.0,0.55,0.0,0.05,0.0,0.0,0.14,1.53,0.0,0.01,0.23,0.26,0.0,0.0,0.0,0.0,0.0,0.0,0.0,0.0,0.0,0.0,0.0,1.0,0.0,0.0,0.0,0.0,0.0,0.0,1.0
191,-0.032007,0.431367,-0.901608,-0.02582,0.204156,-0.978598,-0.031,0.326,301.8,182.3,757.7,0.489,-0.137,0.766,0.49,0.0,0.0,0.0,0.0,0.39,0.0,0.0,0.0,0.0,0.07,1.6,0.0,0.01,0.13,0.26,0.0,0.0,0.0,0.0,0.0,0.0,0.0,0.0,0.0,0.0,0.0,1.0,0.0,0.0,0.0,0.0,0.0,0.0,1.0
192,-0.101606,0.434706,-0.894822,-0.059726,0.178159,-0.982187,-0.086,0.316,301.9,182.4,757.8,0.488,-0.135,0.758,0.52,0.0,0.0,0.0,0.0,0.69,0.0,0.0,0.0,0.0,0.07,1.63,0.0,0.01,0.18,0.23,0.0,0.0,0.0,0.0,0.0,0.0,0.0,0.0,0.0,0.0,0.0,1.0,0.0,0.0,0.0,0.0,0.0,0.0,0.0
193,-0.102966,0.456721,-0.883631,-0.059661,0.180503,-0.981763,-0.087,0.329,301.3,182.1,756.8,0.487,-0.138,0.747,0.44,0.0,0.0,0.0,0.0,0.81,0.0,0.0,0.0,0.0,0.0,1.45,0.01,0.0,0.22,0.15,0.0,0.0,0.0,0.0,0.0,0.0,0.0,0.0,0.0,0.0,0.0,1.0,0.0,0.0,0.0,0.0,0.0,0.0,0.0
194,-0.076464,0.500719,-0.862226,-0.051745,0.225054,-0.972971,-0.07,0.377,300.8,181.9,755.7,0.482,-0.14,0.749,0.43,0.0,0.0,0.0,0.0,0.93,0.0,0.0,0.0,0.0,0.0,1.39,0.01,0.0,0.26,0.33,0.0,0.0,0.0,0.0,0.0,0.0,0.0,0.0,0.0,0.0,0.0,1.0,0.0,0.0,0.0,0.0,0.0,0.0,0.0
195,-0.108202,0.442161,-0.890385,-0.056346,0.17614,-0.982751,-0.088,0.319,299.5,181.1,751.9,0.495,-0.146,0.747,0.39,0.0,0.0,0.0,0.0,0.77,0.0,0.04,0.0,0.0,0.0,1.24,0.01,0.0,0.13,0.39,0.0,0.0,0.0,0.0,0.0,0.0,0.0,0.0,0.0,0.0,0.0,1.0,0.0,0.0,0.0,0.0,0.0,0.0,0.0
196,-0.068273,0.460455,-0.885054,-0.08586,0.147937,-0.985263,-0.082,0.314,297.9,180.3,747.9,0.506,-0.155,0.745,0.41,0.0,0.0,0.0,0.0,0.93,0.0,0.08,0.0,0.0,0.0,1.31,0.0,0.0,0.19,0.58,0.0,0.0,0.0,0.0,0.0,0.0,0.0,0.0,0.0,0.0,0.0,1.0,0.0,0.0,0.0,0.0,0.0,0.0,0.0
197,-0.078662,0.428825,-0.899956,-0.019875,0.171943,-0.984906,-0.052,0.309,298.5,180.9,750.1,0.496,-0.14,0.738,0.44,0.0,0.0,0.0,0.0,1.03,0.0,0.11,0.0,0.0,0.0,1.14,0.0,0.0,0.22,0.49,0.0,0.0,0.0,0.0,0.0,0.0,0.0,0.0,0.0,0.0,0.0,1.0,0.0,0.0,0.0,0.0,0.0,0.0,0.0
198,-0.103038,0.448282,-0.887934,-0.037218,0.235948,-0.971053,-0.075,0.353,298.1,180.6,749.5,0.494,-0.138,0.734,0.61,0.0,0.0,0.0,0.0,0.74,0.0,0.07,0.0,0.0,0.0,1.16,0.0,0.01,0.29,0.38,0.0,0.0,0.0,0.0,0.0,0.0,0.0,0.0,0.0,0.0,0.0,1.0,0.0,0.0,0.0,0.0,0.0,0.0,0.0
199,-0.07361,0.469446,-0.879888,-0.099458,0.163304,-0.98155,-0.093,0.328,296.6,179.7,746.1,0.493,-0.146,0.733,0.73,0.0,0.0,0.0,0.0,0.54,0.0,0.04,0.0,0.0,0.0,1.07,0.0,0.1,0.19,0.23,0.0,0.0,0.0,0.0,0.0,0.0,0.0,0.0,0.0,0.0,0.0,1.0,0.0,0.0,0.0,0.0,0.0,0.0,0.0
200,-0.018653,0.492933,-0.869868,-0.102774,0.13284,-0.985795,-0.065,0.325,296.8,180.0,747.0,0.488,-0.141,0.728,0.76,0.0,0.0,0.0,0.0,0.43,0.0,0.0,0.0,0.0,0.0,1.16,0.04,0.1,0.09,0.14,0.0,0.0,0.0,0.0,0.0,0.0,0.0,0.0,0.0,0.0,0.0,1.0,0.0,0.0,0.0,0.0,0.0,0.0,0.0
201,-0.097431,0.460981,-0.882045,-0.065565,0.213604,-0.974718,-0.088,0.348,295.7,180.2,745.0,0.492,-0.137,0.73,0.81,0.0,0.0,0.0,0.0,0.63,0.01,0.0,0.0,0.0,0.0,1.25,0.19,0.15,0.02,0.1,0.0,0.0,0.0,0.0,0.0,0.0,0.0,0.0,0.0,0.0,0.0,1.0,0.0,0.0,0.0,0.0,0.0,0.0,0.0
202,-0.046122,0.540909,-0.839815,-0.102124,0.307647,-0.946004,-0.083,0.444,293.7,179.0,739.5,0.487,-0.142,0.733,0.92,0.0,0.08,0.0,0.0,0.68,0.01,0.0,0.0,0.0,0.0,1.2,0.32,0.2,0.04,0.0,0.0,0.0,0.0,0.0,0.0,0.0,0.0,0.0,0.0,0.0,0.0,0.0,0.0,0.0,0.0,0.0,0.0,0.0,0.0
203,-0.061417,0.466144,-0.882575,-0.091412,0.308436,-0.946843,-0.083,0.401,292.3,178.1,736.0,0.487,-0.139,0.731,0.96,0.0,0.09,0.14,0.0,0.78,0.01,0.0,0.0,0.0,0.0,1.17,0.28,0.33,0.04,0.0,0.0,1.0,0.0,1.0,0.0,0.0,0.0,0.0,0.0,0.0,0.0,0.0,0.0,0.0,0.0,0.0,0.0,0.0,0.0
204,0.006137,0.417848,-0.908496,-0.053098,0.249749,-0.966854,-0.025,0.342,291.2,177.1,733.3,0.478,-0.132,0.732,0.94,0.0,0.17,0.14,0.0,0.98,0.01,0.03,0.0,0.0,0.02,1.15,0.13,0.47,0.02,0.0,0.0,1.0,0.0,1.0,0.0,0.0,0.0,0.0,0.0,0.0,0.0,0.0,0.0,0.0,0.0,0.0,0.0,0.0,0.0
205,-0.051858,0.340338,-0.938872,-0.068345,0.236205,-0.969297,-0.063,0.293,290.9,176.9,733.5,0.475,-0.134,0.734,0.77,0.0,0.19,0.2,0.0,1.17,0.06,0.07,0.0,0.0,0.02,1.2,0.0,0.53,0.04,0.0,0.0,1.0,0.0,1.0,0.0,0.0,0.0,0.0,0.0,0.0,0.0,0.0,0.0,0.0,0.0,0.0,0.0,0.0,0.0
206,-0.05853,0.375219,-0.925086,-0.054818,0.23933,-0.96939,-0.06,0.314,290.5,176.8,732.8,0.478,-0.135,0.735,0.77,0.0,0.23,0.06,0.0,0.98,0.06,0.07,0.0,0.0,0.04,1.33,0.0,0.61,0.12,0.0,0.0,1.0,0.0,1.0,0.0,0.0,0.0,0.0,0.0,0.0,0.0,0.0,0.0,0.0,0.0,0.0,0.0,0.0,0.0
207,0.006251,0.39112,-0.920318,-0.028785,0.283263,-0.95861,-0.012,0.345,289.4,176.5,731.2,0.485,-0.141,0.741,0.71,0.0,0.16,0.06,0.0,0.58,0.13,0.04,0.0,0.0,0.01,1.37,0.0,0.59,0.21,0.0,0.0,1.0,0.0,1.0,0.0,0.0,0.0,0.0,0.0,0.0,0.0,0.0,0.0,0.0,0.0,0.0,0.0,0.0,0.0
208,-0.085176,0.314766,-0.94534,-0.065869,0.290666,-0.954555,-0.079,0.308,289.3,176.6,731.7,0.489,-0.139,0.742,0.83,0.0,0.1,0.04,0.0,0.16,0.15,0.0,0.0,0.0,0.01,1.44,0.0,0.57,0.28,0.0,0.0,1.0,0.0,1.0,0.0,0.0,0.0,0.0,0.0,0.0,0.0,0.0,0.0,0.0,0.0,0.0,0.0,0.0,0.0
209,-0.104888,0.210032,-0.972052,-0.102085,0.284688,-0.953169,-0.107,0.252,290.5,177.4,735.4,0.487,-0.132,0.741,1.03,0.0,0.06,0.09,0.0,0.18,0.17,0.0,0.0,0.0,0.06,1.49,0.0,0.5,0.23,0.0,0.0,1.0,1.0,1.0,0.0,0.0,0.0,0.0,0.0,0.0,0.0,0.0,0.0,0.0,0.0,0.0,0.0,0.0,0.0
210,-0.137608,0.257768,-0.956358,-0.103215,0.287737,-0.952131,-0.126,0.278,290.0,177.0,734.0,0.485,-0.134,0.742,1.26,0.0,0.07,0.09,0.0,0.46,0.09,0.0,0.0,0.0,0.1,1.57,0.0,0.44,0.14,0.0,0.0,1.0,1.0,1.0,0.0,0.0,0.0,0.0,0.0,0.0,0.0,0.0,0.0,0.0,0.0,0.0,0.0,0.0,0.0
211,0.062732,0.506705,-0.859834,-0.123469,0.288319,-0.949541,-0.034,0.414,291.3,178.1,737.9,0.481,-0.132,0.741,1.28,0.05,0.05,0.04,0.0,0.62,0.05,0.0,0.0,0.0,0.1,1.59,0.0,0.37,0.04,0.0,0.0,1.0,1.0,1.0,0.0,0.0,0.0,0.0,0.0,0.0,0.0,0.0,0.0,0.0,0.0,0.0,0.0,0.0,0.0
212,-0.00409,0.535035,-0.84482,-0.148029,0.261614,-0.953753,-0.084,0.417,292.7,179.1,741.3,0.473,-0.125,0.739,1.2,0.05,0.14,0.0,0.0,0.72,0.05,0.07,0.0,0.0,0.04,1.56,0.0,0.35,0.0,0.0,0.0,1.0,1.0,1.0,0.0,0.0,0.0,0.0,0.0,0.0,0.0,0.0,0.0,0.0,0.0,0.0,0.0,0.0,0.0
213,-0.012765,0.52137,-0.853235,-0.121132,0.27585,-0.953537,-0.074,0.416,294.2,179.9,745.1,0.475,-0.134,0.74,1.04,0.05,0.12,0.0,0.0,0.65,0.1,0.09,0.0,0.0,0.0,1.53,0.0,0.24,0.0,0.0,0.0,1.0,1.0,1.0,0.0,0.0,0.0,0.0,0.0,0.0,0.0,0.0,1.0,0.0,0.0,0.0,0.0,0.0,0.0
214,-0.026002,0.490731,-0.870923,-0.114755,0.249361,-0.961587,-0.077,0.384,295.4,180.4,747.9,0.474,-0.133,0.744,1.0,0.0,0.1,0.0,0.0,0.63,0.07,0.12,0.0,0.0,0.0,1.63,0.0,0.25,0.0,0.0,0.0,1.0,0.0,1.0,0.0,0.0,0.0,0.0,0.0,0.0,0.0,0.0,1.0,0.0,0.0,0.0,0.0,0.0,0.0
215,-0.015171,0.520433,-0.853768,-0.12516,0.279852,-0.95185,-0.078,0.417,297.7,181.7,753.4,0.468,-0.133,0.745,0.99,0.0,0.0,0.0,0.0,0.61,0.12,0.13,0.0,0.0,0.0,1.72,0.0,0.15,0.0,0.0,0.0,1.0,0.0,1.0,0.0,0.0,0.0,0.0,0.0,0.0,0.0,0.0,1.0,0.0,0.0,0.0,0.0,0.0,0.0
216,-0.025429,0.539505,-0.841598,-0.131315,0.29742,-0.945673,-0.087,0.438,297.6,181.5,752.5,0.474,-0.141,0.746,1.11,0.0,0.0,0.0,0.0,0.54,0.07,0.13,0.0,0.0,0.02,1.78,0.0,0.12,0.0,0.0,0.0,1.0,0.0,1.0,0.0,0.0,0.0,0.0,0.0,0.0,0.0,0.0,1.0,0.0,0.0,0.0,0.0,0.0,1.0
217,-0.032096,0.546745,-0.836684,-0.055343,0.261506,-0.963614,-0.049,0.422,301.0,183.1,759.9,0.463,-0.141,0.738,1.14,0.0,0.0,0.0,0.0,0.49,0.07,0.17,0.0,0.0,0.14,1.77,0.0,0.02,0.01,0.02,0.0,1.0,0.0,1.0,0.0,0.0,0.0,0.0,0.0,0.0,0.0,0.0,1.0,0.0,0.0,0.0,0.0,0.0,1.0
218,-0.057757,0.48241,-0.874039,-0.070424,0.172244,-0.982534,-0.069,0.339,303.6,184.0,765.4,0.471,-0.155,0.73,0.95,0.0,0.0,0.0,0.0,0.69,0.02,0.1,0.0,0.0,0.14,1.64,0.0,0.0,0.01,0.05,0.01,1.0,0.0,1.0,0.0,0.0,0.0,0.0,0.0,0.0,0.0,0.0,1.0,0.0,0.0,0.0,0.0,0.0,1.0
219,-0.047368,0.475485,-0.878447,-0.097954,0.154314,-0.983154,-0.078,0.326,304.3,183.6,766.1,0.481,-0.168,0.721,0.78,0.0,0.0,0.0,0.0,0.82,0.02,0.07,0.0,0.0,0.12,1.69,0.0,0.0,0.04,0.24,0.04,1.0,0.0,0.0,0.0,0.0,0.0,0.0,0.0,0.0,0.0,0.0,1.0,0.0,0.0,0.0,0.0,0.0,0.0
220,0.069671,0.473214,-0.878188,-0.062748,0.179018,-0.981843,0.004,0.337,304.0,183.4,764.7,0.489,-0.173,0.711,0.57,0.0,0.0,0.0,0.0,0.95,0.02,0.01,0.0,0.0,0.07,1.68,0.0,0.0,0.04,0.3,0.04,0.0,0.0,0.0,0.0,0.0,0.0,0.0,0.0,0.0,0.0,0.0,1.0,0.0,0.0,0.0,0.0,0.0,0.0
221,-0.025978,0.492356,-0.870006,-0.039067,0.198823,-0.979257,-0.035,0.358,305.0,183.9,766.0,0.483,-0.187,0.718,0.57,0.0,0.0,0.0,0.0,0.84,0.0,0.0,0.0,0.0,0.14,1.69,0.0,0.0,0.04,0.27,0.03,0.0,0.0,0.0,0.0,0.0,0.0,0.0,0.0,0.0,0.0,0.0,0.0,0.0,0.0,0.0,0.0,0.0,0.0
222,-0.040134,0.49852,-0.865949,-0.038472,0.250333,-0.967395,-0.043,0.388,307.0,185.3,770.5,0.485,-0.189,0.715,0.54,0.0,0.0,0.0,0.0,1.09,0.0,0.0,0.0,0.0,0.58,1.49,0.0,0.0,0.0,0.08,0.0,0.0,0.0,0.0,0.0,0.0,0.0,0.0,0.0,0.0,0.0,0.0,0.0,0.0,0.0,0.0,0.0,0.0,0.0
223,-0.023611,0.487261,-0.872937,-0.069284,0.243046,-0.967537,-0.05,0.378,310.0,187.1,777.6,0.481,-0.191,0.711,0.65,0.0,0.0,0.0,0.0,1.29,0.0,0.0,0.0,0.0,0.78,1.4,0.09,0.0,0.0,0.07,0.02,0.0,0.0,0.0,0.0,0.0,0.0,0.0,0.0,0.0,0.0,0.0,0.0,0.0,0.0,0.0,0.0,0.0,0.0
224,-0.037787,0.463247,-0.885423,-0.092716,0.215973,-0.971987,-0.07,0.351,310.8,187.6,779.0,0.49,-0.186,0.707,0.8,0.0,0.0,0.0,0.0,1.64,0.0,0.0,0.0,0.0,1.05,1.34,0.25,0.0,0.0,0.07,0.18,1.0,0.0,0.0,0.0,0.0,0.0,0.0,0.0,0.0,0.0,0.0,0.0,0.0,0.0,0.0,0.0,0.0,0.0
225,-0.008432,0.517219,-0.855812,-0.109118,0.248601,-0.96244,-0.065,0.399,309.3,186.6,774.6,0.492,-0.19,0.706,0.8,0.0,0.0,0.09,0.0,1.62,0.0,0.0,0.0,0.0,1.63,1.26,0.36,0.0,0.0,0.07,0.37,1.0,0.0,0.0,0.0,0.0,0.0,0.0,0.0,0.0,0.0,0.0,0.0,0.0,0.0,0.0,0.0,0.0,0.0
226,0.039112,0.494824,-0.868113,-0.11009,0.280324,-0.953572,-0.039,0.402,311.4,188.4,780.3,0.493,-0.202,0.704,0.83,0.0,0.0,0.14,0.0,1.51,0.0,0.0,0.0,0.0,1.72,1.22,0.44,0.0,0.04,0.0,0.65,1.0,1.0,0.0,0.0,0.0,0.0,0.0,0.0,0.0,0.0,0.0,0.0,0.0,0.0,0.0,0.0,0.0,0.0
227,0.050008,0.48892,-0.870894,-0.07053,0.334371,-0.939799,-0.011,0.427,311.3,188.4,780.5,0.503,-0.219,0.701,0.86,0.0,0.0,0.21,0.0,1.28,0.0,0.0,0.0,0.0,1.57,1.28,0.44,0.0,0.18,0.0,0.88,1.0,1.0,0.0,0.0,0.0,0.0,0.0,0.0,0.0,0.0,0.0,0.0,0.0,0.0,0.0,0.0,0.0,0.0
228,0.035069,0.48199,-0.875475,-0.073651,0.330937,-0.940774,-0.021,0.421,312.7,189.1,783.5,0.499,-0.221,0.696,0.85,0.0,0.0,0.21,0.0,1.14,0.0,0.0,0.0,0.0,1.38,1.49,0.51,0.0,0.32,0.0,0.93,1.0,1.0,0.0,1.0,0.0,0.0,0.0,0.0,0.0,0.0,0.0,0.0,0.0,0.0,0.0,0.0,0.0,0.0
229,0.068411,0.465888,-0.882195,-0.087344,0.317341,-0.944281,-0.01,0.405,313.2,189.5,784.3,0.495,-0.217,0.699,0.93,0.0,0.0,0.24,0.0,1.13,0.0,0.0,0.0,0.0,1.69,1.37,0.65,0.0,0.53,0.11,0.91,1.0,1.0,0.0,1.0,0.0,0.0,0.0,0.0,0.0,0.0,0.0,0.0,0.0,0.0,0.0,0.0,0.0,0.0
230,0.042686,0.480793,-0.875795,-0.098053,0.320151,-0.942279,-0.03,0.415,313.4,189.9,785.4,0.494,-0.224,0.686,0.69,0.0,0.0,0.28,0.0,1.28,0.0,0.0,0.0,0.0,2.55,1.25,0.69,0.0,0.48,0.11,0.67,1.0,1.0,0.0,1.0,0.0,0.0,0.0,0.0,0.0,0.0,0.0,0.0,0.0,0.0,0.0,0.0,0.0,0.0
231,0.051589,0.451691,-0.890682,0.034419,0.275579,-0.960662,0.046,0.374,310.9,188.5,777.9,0.502,-0.223,0.68,0.59,0.0,0.0,0.25,0.0,1.52,0.0,0.0,0.0,0.0,3.23,1.02,0.72,0.14,0.34,0.11,0.66,1.0,1.0,0.0,1.0,0.0,0.0,0.0,0.0,0.0,0.0,0.0,0.0,0.0,0.0,0.0,0.0,0.0,0.0
232,0.01233,0.498652,-0.866715,0.038122,0.265657,-0.963314,0.028,0.396,311.5,189.3,779.7,0.497,-0.212,0.673,0.22,0.0,0.0,0.41,0.0,1.79,0.0,0.0,0.0,0.0,3.74,1.04,0.59,0.31,0.09,0.0,0.68,0.0,1.0,0.0,1.0,0.0,0.0,0.0,0.0,0.0,0.0,0.0,0.0,0.0,0.0,0.0,0.0,0.0,0.0
233,-0.003881,0.506931,-0.861978,0.0814,0.292119,-0.952912,0.043,0.415,311.9,189.5,781.4,0.503,-0.206,0.669,0.09,0.0,0.0,0.46,0.0,1.7,0.0,0.0,0.0,0.0,3.71,0.95,0.58,0.48,0.11,0.0,0.68,0.0,0.0,0.0,1.0,0.0,0.0,0.0,0.0,0.0,0.0,0.0,0.0,0.0,0.0,0.0,0.0,0.0,0.0
234,-0.022414,0.442297,-0.896589,0.038695,0.271976,-0.961526,0.009,0.367,312.9,190.5,786.0,0.496,-0.2,0.658,0.0,0.0,0.0,0.48,0.0,1.52,0.0,0.0,0.0,0.0,3.07,1.11,0.9,0.52,0.38,0.0,0.72,0.0,0.0,0.0,1.0,0.0,0.0,0.0,0.0,0.0,0.0,0.0,0.0,0.0,0.0,0.0,0.0,0.0,0.0
235,-0.021411,0.4672,-0.883893,-0.021235,0.352088,-0.935726,-0.023,0.423,313.8,191.6,790.3,0.484,-0.199,0.663,0.1,0.0,0.0,0.29,0.0,1.44,0.0,0.0,0.0,0.0,2.39,1.14,0.96,0.45,0.55,0.0,0.58,0.0,0.0,0.0,1.0,0.0,0.0,0.0,0.0,0.0,0.0,0.0,0.0,0.0,0.0,0.0,0.0,0.0,0.0
236,-0.026485,0.447756,-0.893764,0.011016,0.286948,-0.957883,-0.008,0.378,314.1,192.2,792.7,0.475,-0.193,0.662,0.2,0.0,0.0,0.2,0.0,1.37,0.0,0.0,0.0,0.0,1.95,1.3,1.01,0.39,0.62,0.0,0.53,0.0,0.0,0.0,0.0,0.0,0.0,0.0,0.0,0.0,0.0,0.0,0.0,0.0,0.0,0.0,0.0,0.0,0.0
237,-0.029942,0.459877,-0.887478,-0.068183,0.318848,-0.94535,-0.053,0.402,313.1,191.9,790.8,0.466,-0.185,0.664,0.36,0.0,0.0,0.13,0.0,1.35,0.0,0.0,0.0,0.0,1.08,1.23,0.78,0.3,0.54,0.02,0.34,0.0,0.0,0.0,0.0,0.0,0.0,0.0,0.0,0.0,0.0,0.0,0.0,0.0,0.0,0.0,0.0,0.0,0.0
238,-0.003685,0.393071,-0.919501,-0.024541,0.23346,-0.972057,-0.015,0.32,311.1,191.2,787.2,0.459,-0.18,0.676,0.42,0.0,0.0,0.09,0.0,1.26,0.0,0.0,0.0,0.0,0.97,1.29,0.74,0.3,0.43,0.02,0.21,0.0,0.0,0.0,0.0,0.0,0.0,0.0,0.0,0.0,0.0,0.0,0.0,1.0,0.0,0.0,0.0,0.0,0.0
239,-0.014016,0.425603,-0.904801,-0.046748,0.26736,-0.962462,-0.033,0.355,310.4,190.5,785.9,0.462,-0.189,0.68,0.51,0.0,0.0,0.0,0.0,1.29,0.0,0.0,0.0,0.0,0.85,1.25,0.61,0.25,0.49,0.14,0.15,0.0,0.0,0.0,0.0,0.0,0.0,0.0,0.0,0.0,0.0,0.0,0.0,0.0,0.0,0.0,0.0,0.0,0.0
240,-0.041046,0.453554,-0.890283,-0.043436,0.261314,-0.964276,-0.046,0.368,309.1,189.6,783.0,0.463,-0.194,0.684,0.52,0.0,0.0,0.0,0.0,1.41,0.0,0.0,0.0,0.0,1.49,1.24,0.58,0.21,0.57,0.11,0.21,0.0,0.0,0.0,0.0,0.0,0.0,0.0,0.0,0.0,0.0,0.0,1.0,1.0,0.0,0.0,0.0,0.0,0.0
241,-0.015272,0.445186,-0.895308,-0.072583,0.248689,-0.96586,-0.047,0.357,308.7,189.6,782.2,0.462,-0.193,0.681,0.48,0.0,0.0,0.0,0.0,1.6,0.0,0.0,0.0,0.0,2.02,1.22,0.54,0.18,0.58,0.11,0.18,0.0,0.0,0.0,0.0,1.0,0.0,0.0,0.0,0.0,0.0,0.0,0.0,1.0,0.0,0.0,0.0,0.0,0.0
242,-0.029935,0.440073,-0.897463,-0.091499,0.218891,-0.97145,-0.065,0.339,308.5,189.5,782.6,0.464,-0.19,0.677,0.44,0.0,0.0,0.0,0.0,1.6,0.0,0.0,0.0,0.0,2.52,1.25,0.76,0.24,0.39,0.0,0.27,1.0,0.0,0.0,0.0,1.0,0.0,0.0,0.0,0.0,0.0,0.0,0.0,1.0,0.0,0.0,0.0,0.0,0.0
243,0.006934,0.455431,-0.890244,-0.029368,0.231957,-0.972283,-0.012,0.354,306.8,188.4,779.9,0.461,-0.194,0.682,0.58,0.0,0.0,0.0,0.0,1.67,0.0,0.0,0.0,0.0,2.85,1.26,0.63,0.28,0.12,0.0,0.2,1.0,1.0,0.0,0.0,1.0,0.0,0.0,0.0,0.0,0.0,0.0,0.0,1.0,0.0,0.0,0.0,0.0,0.0
244,-0.009775,0.429153,-0.903179,-0.032235,0.254872,-0.966437,-0.022,0.351,306.2,188.0,779.4,0.469,-0.197,0.681,0.67,0.0,0.0,0.0,0.0,1.75,0.0,0.0,0.0,0.0,2.54,0.97,0.91,0.4,0.29,0.0,0.24,1.0,1.0,0.0,0.0,1.0,0.0,0.0,0.0,0.0,0.0,0.0,1.0,1.0,0.0,0.0,0.0,0.0,0.0
245,-0.00617,0.409658,-0.912218,0.000636,0.242311,-0.970199,-0.003,0.333,306.1,188.1,780.1,0.474,-0.202,0.682,0.8,0.0,0.0,0.0,0.0,1.77,0.0,0.0,0.0,0.0,2.14,1.11,1.17,0.35,0.46,0.0,0.32,1.0,1.0,0.0,0.0,1.0,0.0,0.0,0.0,0.0,0.0,0.0,1.0,1.0,0.0,0.0,0.0,0.0,0.0
246,0.039449,0.379513,-0.924345,-0.064433,0.205847,-0.976461,-0.013,0.299,307.4,189.8,784.8,0.47,-0.198,0.677,0.75,0.0,0.0,0.0,0.0,1.7,0.0,0.0,0.0,0.0,2.84,1.31,1.34,0.42,0.45,0.0,0.37,1.0,1.0,0.0,0.0,1.0,0.0,0.0,0.0,0.0,0.0,0.0,0.0,1.0,0.0,0.0,0.0,0.0,0.0
247,-0.005323,0.377625,-0.925943,-0.064322,0.229265,-0.971236,-0.037,0.31,306.8,189.5,783.6,0.467,-0.207,0.672,0.94,0.0,0.0,0.04,0.0,1.72,0.0,0.0,0.0,0.0,3.88,1.38,1.33,0.25,0.34,0.0,0.55,1.0,1.0,0.0,0.0,1.0,0.0,0.0,0.0,0.0,0.0,0.0,0.0,1.0,0.0,0.0,0.0,0.0,0.0
248,0.021753,0.388872,-0.921035,-0.032066,0.26374,-0.964061,-0.005,0.333,306.9,189.1,783.6,0.46,-0.206,0.664,1.01,0.0,0.0,0.04,0.0,1.74,0.0,0.0,0.0,0.0,4.13,1.15,0.76,0.17,0.57,0.39,0.65,1.0,1.0,0.0,1.0,1.0,0.0,0.0,0.0,0.0,0.0,0.0,0.0,1.0,0.0,0.0,0.0,0.0,0.0
249,0.071302,0.403195,-0.912332,-0.019707,0.267453,-0.963369,0.028,0.343,305.5,187.9,779.9,0.46,-0.217,0.657,1.03,0.0,0.0,0.04,0.0,1.89,0.0,0.0,0.0,0.0,4.13,0.54,0.43,0.0,0.84,0.39,0.67,1.0,1.0,0.0,1.0,1.0,0.0,0.0,0.0,0.0,0.0,0.0,0.0,1.0,0.0,0.0,0.0,0.0,0.0
250,0.051253,0.466841,-0.882855,-0.072432,0.283562,-0.956215,-0.012,0.387,304.0,187.1,776.2,0.46,-0.224,0.655,0.76,0.0,0.0,0.0,0.0,1.86,0.09,0.0,0.0,0.0,4.13,0.5,1.67,0.46,1.55,0.39,0.45,1.0,1.0,0.0,0.0,1.0,0.0,0.0,0.0,0.0,0.0,0.0,0.0,1.0,1.0,0.0,0.0,0.0,0.0
251,0.0787,0.498113,-0.863533,-0.097102,0.252236,-0.962782,-0.01,0.39,302.8,186.9,772.3,0.463,-0.228,0.655,0.55,0.0,0.0,0.0,0.0,1.81,0.28,0.0,0.0,0.0,5.0,0.32,3.33,1.07,1.48,0.0,0.32,1.0,1.0,0.0,0.0,1.0,0.0,0.0,0.0,0.0,0.0,0.0,0.0,1.0,0.0,0.0,0.0,0.0,0.0
252,0.057002,0.467965,-0.881907,-0.012913,0.239391,-0.970837,0.024,0.365,302.1,186.7,770.0,0.462,-0.228,0.654,0.45,0.0,0.0,0.0,0.01,1.66,0.28,0.0,0.0,0.0,5.0,0.73,5.0,1.71,1.98,0.0,0.27,1.0,0.0,0.0,0.0,1.0,0.0,0.0,0.0,0.0,0.0,0.0,0.0,1.0,1.0,0.0,0.0,0.0,0.0
253,0.051356,0.465235,-0.883696,-0.008151,0.255833,-0.966687,0.023,0.372,302.0,186.8,769.8,0.458,-0.223,0.657,0.53,0.0,0.06,0.0,0.01,1.67,0.19,0.0,0.0,0.0,5.0,1.03,5.0,1.57,1.98,0.0,0.27,1.0,0.0,0.0,0.0,1.0,0.0,0.0,0.0,0.0,0.0,0.0,0.0,1.0,1.0,0.0,0.0,0.0,0.0
254,0.083044,0.426503,-0.900666,0.037249,0.269752,-0.962209,0.064,0.358,299.3,185.0,762.7,0.461,-0.219,0.649,0.54,0.0,0.06,0.0,0.01,1.8,0.0,0.0,0.0,0.0,5.0,1.32,4.19,1.26,1.99,0.0,0.17,0.0,0.0,0.0,0.0,1.0,0.0,0.0,0.0,0.0,0.0,0.0,0.0,1.0,1.0,0.0,0.0,0.0,0.0
255,0.056141,0.452693,-0.889897,-0.021372,0.272972,-0.961784,0.019,0.374,297.4,184.1,757.8,0.458,-0.209,0.646,0.52,0.0,0.06,0.0,0.0,1.87,0.0,0.0,0.0,0.0,5.0,0.91,2.62,0.83,1.32,0.0,0.06,0.0,0.0,0.0,0.0,1.0,0.0,0.0,0.0,0.0,0.0,0.0,0.0,1.0,1.0,0.0,0.0,0.0,0.0
256,0.114559,0.483522,-0.867803,-0.009185,0.242533,-0.9701,0.057,0.376,294.9,183.1,751.6,0.466,-0.212,0.652,0.34,0.0,0.07,0.0,0.0,2.01,0.25,0.0,0.0,0.0,5.0,0.7,1.31,0.74,0.49,0.0,0.06,0.0,0.0,0.0,0.0,1.0,0.0,0.0,0.0,0.0,0.0,0.0,0.0,1.0,1.0,0.0,0.0,0.0,0.0
257,0.110964,0.484244,-0.867868,0.026942,0.27061,-0.962312,0.075,0.391,295.9,184.1,754.6,0.454,-0.199,0.649,0.19,0.0,0.12,0.0,0.0,2.14,0.25,0.0,0.0,0.0,4.19,0.78,0.57,0.48,0.26,0.29,0.0,0.0,0.0,0.0,0.0,1.0,0.0,0.0,0.0,0.0,0.0,0.0,0.0,1.0,0.0,0.0,0.0,0.0,0.0
258,0.109184,0.485362,-0.867469,0.039667,0.232268,-0.971843,0.081,0.372,295.9,183.9,755.0,0.457,-0.199,0.648,0.04,0.0,0.25,0.0,0.0,2.43,0.25,0.0,0.0,0.0,3.41,0.95,0.87,0.28,0.48,0.91,0.14,0.0,0.0,0.0,1.0,1.0,0.0,0.0,0.0,0.0,0.0,0.0,0.0,1.0,0.0,0.0,0.0,0.0,0.0
259,0.11486,0.469244,-0.875567,-0.098179,0.195081,-0.975861,0.009,0.345,297.0,184.8,758.5,0.448,-0.197,0.648,0.05,0.0,0.17,0.0,0.0,2.11,0.0,0.0,0.0,0.0,2.9,0.69,0.52,0.04,0.7,1.76,0.22,0.0,0.0,0.0,1.0,1.0,0.0,0.0,0.0,0.0,0.0,0.0,0.0,1.0,0.0,0.0,0.0,0.0,0.0
260,0.098963,0.492724,-0.86454,-0.087629,0.208424,-0.974105,0.006,0.364,295.7,183.9,754.8,0.458,-0.197,0.649,0.05,0.0,0.23,0.0,0.0,2.06,0.0,0.0,0.0,0.0,2.86,0.7,0.72,0.15,0.88,2.12,0.22,0.0,0.0,0.0,1.0,1.0,0.0,0.0,0.0,0.0,0.0,0.0,0.0,1.0,0.0,0.0,0.0,0.0,0.0
261,0.106574,0.499413,-0.859784,-0.136859,0.195654,-0.971076,-0.017,0.363,300.1,187.7,767.5,0.456,-0.192,0.648,0.11,0.0,0.18,0.0,0.0,1.79,0.0,0.0,0.0,0.0,3.0,1.21,0.78,0.37,0.92,1.87,0.17,0.0,0.0,0.0,1.0,1.0,0.0,0.0,0.0,0.0,0.0,0.0,0.0,1.0,0.0,0.0,0.0,0.0,0.0
262,0.098816,0.4765,-0.873604,-0.125729,0.231414,-0.964697,-0.015,0.368,299.1,186.4,764.9,0.464,-0.201,0.645,0.2,0.0,0.31,0.0,0.0,2.09,0.0,0.0,0.0,0.0,3.5,1.21,0.78,0.37,1.05,1.74,0.21,0.0,0.0,0.0,1.0,1.0,0.0,0.0,0.0,0.0,0.0,0.0,0.0,1.0,0.0,0.0,0.0,0.0,0.0
263,0.0423,0.43624,-0.898836,-0.146939,0.242222,-0.95903,-0.056,0.35,300.3,186.5,767.3,0.47,-0.204,0.65,0.41,0.0,0.21,0.0,0.0,2.0,0.0,0.0,0.0,0.0,4.35,1.0,0.97,0.22,1.27,1.14,0.31,0.0,0.0,0.0,1.0,0.0,0.0,0.0,0.0,0.0,0.0,0.0,0.0,1.0,0.0,0.0,0.0,0.0,0.0
264,0.083977,0.487036,-0.869335,-0.106632,0.252851,-0.961611,-0.012,0.384,300.2,185.8,766.5,0.465,-0.202,0.653,0.54,0.0,0.13,0.0,0.0,1.79,0.0,0.0,0.0,0.0,5.0,0.81,1.11,0.12,1.19,1.13,0.5,0.0,0.0,0.0,1.0,0.0,0.0,0.0,0.0,0.0,0.0,0.0,0.0,1.0,0.0,0.0,0.0,0.0,0.0
265,0.087732,0.493759,-0.865162,-0.119987,0.276467,-0.953504,-0.018,0.401,299.1,184.8,762.5,0.468,-0.206,0.652,0.48,0.0,0.0,0.0,0.0,1.51,0.0,0.0,0.0,0.0,5.0,1.31,1.82,0.12,1.56,0.68,0.44,1.0,0.0,0.0,1.0,1.0,0.0,0.0,0.0,0.0,0.0,0.0,0.0,1.0,0.0,0.0,0.0,0.0,0.0
266,0.074331,0.473423,-0.877693,-0.11014,0.26878,-0.956884,-0.02,0.384,299.0,184.8,762.2,0.476,-0.212,0.652,0.39,0.0,0.0,0.01,0.0,1.53,0.0,0.0,0.0,0.0,5.0,1.13,1.41,0.31,1.24,0.62,0.55,1.0,0.0,0.0,1.0,1.0,0.0,0.0,0.0,0.0,0.0,0.0,0.0,1.0,0.0,0.0,0.0,0.0,0.0
267,0.050068,0.45369,-0.889752,-0.12468,0.235253,-0.963904,-0.04,0.356,299.3,184.6,762.5,0.477,-0.212,0.649,0.42,0.0,0.02,0.05,0.03,1.65,0.0,0.0,0.0,0.0,5.0,1.13,1.67,0.2,1.51,0.25,0.53,1.0,0.0,0.0,1.0,1.0,0.0,0.0,0.0,0.0,0.0,0.0,0.0,1.0,0.0,0.0,0.0,0.0,0.0
268,0.116039,0.438431,-0.891243,-0.006419,0.313116,-0.949693,0.059,0.388,299.7,184.3,763.4,0.474,-0.213,0.642,0.34,0.0,0.06,0.05,0.05,1.55,0.0,0.0,0.0,0.0,5.0,0.8,1.84,0.2,1.84,0.0,0.57,0.0,0.0,0.0,1.0,1.0,0.0,0.0,0.0,0.0,0.0,0.0,0.0,1.0,0.0,0.0,0.0,0.0,0.0
269,0.115841,0.396035,-0.910899,-0.052616,0.243267,-0.968531,0.034,0.328,300.2,185.0,764.5,0.478,-0.206,0.645,0.32,0.0,0.06,0.04,0.05,1.47,0.0,0.0,0.0,0.0,5.0,0.83,2.55,0.09,2.32,0.23,0.59,0.0,0.0,0.0,0.0,1.0,0.0,0.0,0.0,0.0,0.0,1.0,0.0,1.0,0.0,0.0,0.0,0.0,0.0
270,0.083111,0.402158,-0.91179,-0.101009,0.244935,-0.964263,-0.01,0.332,298.5,184.0,760.3,0.481,-0.207,0.641,0.29,0.0,0.04,0.0,0.02,1.52,0.0,0.0,0.0,0.0,5.0,0.34,2.01,0.14,1.96,0.23,0.46,0.0,0.0,0.0,0.0,1.0,0.0,0.0,0.0,0.0,0.0,1.0,0.0,1.0,0.0,0.0,0.0,0.0,0.0
271,0.021238,0.443419,-0.896063,-0.126245,0.2266,-0.965771,-0.056,0.345,296.7,183.0,755.5,0.469,-0.204,0.643,0.39,0.0,0.0,0.0,0.0,1.79,0.0,0.0,0.0,0.0,5.0,0.17,1.14,0.14,1.24,0.71,0.39,0.0,0.0,0.0,0.0,1.0,0.0,0.0,0.0,0.0,0.0,1.0,0.0,1.0,1.0,0.0,0.0,0.0,0.0
272,0.001839,0.425602,-0.904909,-0.044213,0.277599,-0.959679,-0.023,0.361,294.9,181.5,750.4,0.477,-0.201,0.637,0.29,0.0,0.0,0.0,0.0,2.03,0.0,0.0,0.0,0.0,5.0,0.0,0.33,0.05,0.74,0.71,0.16,0.0,0.0,0.0,0.0,1.0,0.0,0.0,0.0,0.0,0.0,1.0,0.0,1.0,1.0,0.0,0.0,0.0,0.0
273,0.025267,0.471704,-0.881395,-0.071758,0.26539,-0.961467,-0.025,0.38,295.8,181.7,752.6,0.479,-0.212,0.641,0.19,0.0,0.0,0.0,0.0,2.16,0.0,0.0,0.0,0.0,5.0,0.0,1.1,0.09,1.32,0.71,0.24,0.0,0.0,0.0,0.0,0.0,0.0,0.0,0.0,0.0,0.0,1.0,0.0,1.0,1.0,0.0,0.0,0.0,0.0
274,0.03866,0.464613,-0.884669,-0.063279,0.225126,-0.972273,-0.013,0.356,295.9,182.0,753.1,0.476,-0.215,0.646,0.09,0.0,0.0,0.0,0.0,2.21,0.0,0.0,0.0,0.0,5.0,0.0,2.59,0.17,1.0,0.23,0.2,0.0,0.0,0.0,1.0,0.0,0.0,0.0,0.0,0.0,0.0,1.0,0.0,1.0,1.0,0.0,0.0,0.0,0.0
275,0.04662,0.428595,-0.902293,-0.089257,0.240384,-0.966565,-0.023,0.344,296.1,182.4,754.2,0.474,-0.213,0.646,0.09,0.0,0.0,0.0,0.0,2.17,0.0,0.0,0.0,0.0,5.0,0.0,2.59,0.21,0.79,0.0,0.2,0.0,0.0,0.0,1.0,0.0,0.0,0.0,0.0,0.0,0.0,1.0,0.0,0.0,1.0,0.0,0.0,0.0,0.0
276,-0.003381,0.454347,-0.890819,-0.039616,0.192938,-0.980411,-0.023,0.333,297.0,183.0,757.2,0.488,-0.221,0.652,0.0,0.0,0.0,0.0,0.0,2.13,0.0,0.0,0.0,0.0,5.0,0.46,2.77,0.56,0.85,0.06,0.05,0.0,0.0,0.0,1.0,0.0,0.0,0.0,0.0,0.0,0.0,1.0,0.0,1.0,0.0,0.0,0.0,0.0,1.0
277,-0.020352,0.478316,-0.877952,-0.086504,0.291899,-0.952529,-0.058,0.398,297.9,183.4,758.7,0.485,-0.212,0.66,0.0,0.0,0.0,0.0,0.0,2.19,0.0,0.0,0.0,0.0,5.0,0.46,1.51,0.49,1.72,0.34,0.11,0.0,0.0,0.0,1.0,0.0,0.0,0.0,0.0,0.0,0.0,1.0,0.0,1.0,0.0,0.0,0.0,0.0,1.0
278,-0.032912,0.476567,-0.878522,-0.0966,0.284668,-0.953747,-0.071,0.394,298.3,183.6,759.7,0.486,-0.211,0.662,0.03,0.0,0.0,0.0,0.0,2.16,0.0,0.0,0.0,0.0,5.0,0.76,2.26,0.47,2.33,0.47,0.24,0.0,0.0,0.0,1.0,1.0,0.0,0.0,0.0,0.0,0.0,1.0,0.0,1.0,0.0,0.0,0.0,0.0,1.0
279,-0.024768,0.483216,-0.875151,-0.038377,0.364169,-0.930542,-0.035,0.439,296.5,182.7,755.3,0.495,-0.212,0.667,0.03,0.0,0.0,0.0,0.0,2.24,0.0,0.0,0.0,0.0,5.0,0.48,1.89,0.28,2.27,0.41,0.35,0.0,0.0,0.0,1.0,1.0,0.0,0.0,0.0,0.0,0.0,1.0,0.0,1.0,0.0,0.0,0.0,0.0,1.0
280,-0.028249,0.486194,-0.873394,-0.070179,0.366301,-0.927846,-0.055,0.442,297.9,183.6,759.2,0.493,-0.211,0.674,0.03,0.0,0.0,0.0,0.0,2.34,0.01,0.0,0.0,0.0,5.0,0.48,1.67,0.28,1.39,0.18,0.38,0.0,0.0,0.0,1.0,1.0,0.0,0.0,0.0,0.0,0.0,1.0,0.0,1.0,0.0,0.0,0.0,0.0,1.0
