 gaze_0_x, gaze_0_y, gaze_0_z, gaze_1_x, gaze_1_y, gaze_1_z, gaze_angle_x, gaze_angle_y, pose_Tx, pose_Ty, pose_Tz, pose_Rx, pose_Ry, pose_Rz, AU01_r, AU02_r, AU04_r, AU05_r, AU06_r, AU07_r, AU09_r, AU10_r, AU12_r, AU14_r, AU15_r, AU17_r, AU20_r, AU23_r, AU25_r, AU26_r, AU45_r, AU01_c, AU02_c, AU04_c, AU05_c, AU06_c, AU07_c, AU09_c, AU10_c, AU12_c, AU14_c, AU15_c, AU17_c, AU20_c, AU23_c, AU25_c, AU26_c, AU28_c, AU45_c
-0.044176,0.180015,-0.982671,-0.134627,0.255177,-0.957476,-0.092,0.221,-18.9,76.2,441.4,0.072,0.149,0.053,0.0,0.08,0.72,0.0,0.23,1.41,0.0,0.13,0.18,0.0,0.0,0.21,0.0,0.03,0.63,1.17,0.0,0.0,0.0,0.0,0.0,1.0,1.0,0.0,0.0,0.0,0.0,0.0,0.0,0.0,0.0,1.0,1.0,0.0,0.0
-0.036906,0.158035,-0.986744,-0.08622,0.183766,-0.979181,-0.063,0.172,-19.8,77.4,449.1,0.075,0.126,0.072,0.01,0.03,0.58,0.04,0.19,1.16,0.0,0.3,0.15,0.0,0.04,0.19,0.0,0.36,0.64,1.07,0.0,0.0,0.0,0.0,0.0,0.0,1.0,0.0,0.0,0.0,0.0,0.0,0.0,0.0,0.0,1.0,1.0,0.0,0.0
-0.001127,0.16857,-0.985689,-0.085478,0.224571,-0.970701,-0.044,0.198,-20.0,77.5,451.1,0.083,0.119,0.082,0.01,0.0,0.5,0.05,0.16,1.12,0.0,0.45,0.18,0.01,0.04,0.13,0.0,0.54,0.69,1.04,0.0,0.0,0.0,0.0,0.0,1.0,1.0,0.0,0.0,0.0,0.0,0.0,0.0,0.0,0.0,1.0,1.0,0.0,0.0
0.001255,0.166552,-0.986032,-0.086894,0.239858,-0.966911,-0.044,0.205,-20.2,78.1,454.1,0.075,0.114,0.085,0.01,0.0,0.35,0.02,0.11,1.15,0.0,0.46,0.15,0.01,0.11,0.19,0.0,0.64,0.64,0.87,0.0,0.0,0.0,0.0,0.0,0.0,1.0,0.0,0.0,0.0,0.0,0.0,0.0,0.0,0.0,1.0,1.0,0.0,0.0
0.008596,0.157073,-0.98755,-0.08063,0.245506,-0.966036,-0.037,0.203,-20.3,78.0,454.8,0.074,0.11,0.09,0.09,0.0,0.26,0.09,0.05,1.15,0.0,0.33,0.14,0.01,0.07,0.13,0.0,0.58,0.54,0.85,0.0,0.0,0.0,0.0,0.0,0.0,1.0,0.0,0.0,0.0,0.0,0.0,0.0,0.0,0.0,1.0,1.0,0.0,0.0
0.001212,0.180487,-0.983577,-0.105242,0.262076,-0.959291,-0.053,0.224,-19.3,77.5,454.4,0.084,0.11,0.085,0.09,0.0,0.12,0.13,0.0,1.29,0.0,0.14,0.08,0.0,0.11,0.12,0.0,0.52,0.38,0.63,0.0,0.0,0.0,0.0,0.0,0.0,1.0,0.0,0.0,0.0,0.0,0.0,0.0,0.0,0.0,0.0,0.0,0.0,0.0
-0.02369,0.186797,-0.982113,-0.100676,0.238841,-0.965826,-0.064,0.215,-19.6,76.8,451.7,0.092,0.112,0.087,0.09,0.14,0.19,0.15,0.0,1.43,0.0,0.1,0.06,0.0,0.04,0.04,0.0,0.38,0.2,0.57,0.0,0.0,0.0,0.0,0.0,0.0,1.0,0.0,0.0,0.0,0.0,0.0,0.0,0.0,0.0,0.0,0.0,0.0,0.0
-0.026879,0.191666,-0.981092,-0.104758,0.261435,-0.959519,-0.068,0.229,-19.5,76.7,451.1,0.092,0.111,0.083,0.0,0.14,0.21,0.14,0.01,1.45,0.0,0.18,0.08,0.0,0.04,0.01,0.0,0.37,0.15,0.51,0.0,0.0,0.0,0.0,0.0,0.0,1.0,0.0,0.0,0.0,0.0,0.0,0.0,0.0,0.0,0.0,0.0,0.0,0.0
-0.058698,0.180332,-0.981853,-0.104241,0.273773,-0.956129,-0.084,0.23,-19.4,76.7,450.8,0.092,0.103,0.086,0.11,0.14,0.31,0.09,0.01,1.37,0.0,0.21,0.1,0.0,0.04,0.01,0.0,0.24,0.1,0.67,0.0,0.0,0.0,0.0,0.0,0.0,1.0,0.0,0.0,0.0,0.0,0.0,0.0,0.0,0.0,0.0,0.0,0.0,0.0
-0.063691,0.205621,-0.976557,-0.175951,0.284543,-0.942378,-0.124,0.25,-19.0,77.1,453.7,0.112,0.119,0.082,0.11,0.0,0.24,0.07,0.01,1.33,0.0,0.33,0.11,0.0,0.06,0.0,0.0,0.33,0.28,0.66,0.0,0.0,0.0,0.0,0.0,0.0,1.0,0.0,0.0,0.0,0.0,0.0,0.0,0.0,0.0,0.0,0.0,0.0,0.0
-0.071222,0.220787,-0.972718,-0.118956,0.257277,-0.958988,-0.098,0.243,-20.0,77.1,451.8,0.094,0.11,0.092,0.3,0.0,0.25,0.0,0.0,1.34,0.0,0.36,0.13,0.0,0.11,0.0,0.0,0.2,0.29,0.72,0.0,0.0,0.0,0.0,0.0,0.0,1.0,0.0,0.0,0.0,0.0,0.0,0.0,0.0,0.0,0.0,0.0,0.0,0.0
-0.073479,0.209914,-0.974955,-0.174205,0.26805,-0.947524,-0.128,0.244,-19.3,77.5,455.5,0.111,0.117,0.087,0.19,0.0,0.15,0.0,0.0,1.2,0.0,0.5,0.09,0.05,0.07,0.0,0.0,0.37,0.38,0.54,0.0,0.0,0.0,0.0,0.0,0.0,1.0,0.0,0.0,0.0,0.0,0.0,0.0,0.0,0.0,0.0,0.0,0.0,0.0
-0.058227,0.203703,-0.9773,-0.103196,0.264903,-0.958737,-0.083,0.237,-20.0,77.1,451.7,0.093,0.112,0.093,0.31,0.0,0.22,0.0,0.0,1.08,0.0,0.42,0.12,0.1,0.07,0.02,0.0,0.2,0.23,0.6,0.0,0.0,0.0,0.0,0.0,0.0,1.0,0.0,0.0,0.0,0.0,0.0,0.0,0.0,0.0,0.0,0.0,0.0,0.0
-0.080179,0.203093,-0.975871,-0.204029,0.261874,-0.943289,-0.147,0.238,-19.3,77.6,455.3,0.105,0.115,0.089,0.25,0.0,0.24,0.0,0.02,1.13,0.0,0.38,0.08,0.13,0.02,0.02,0.0,0.27,0.19,0.56,0.0,0.0,0.0,0.0,0.0,0.0,1.0,0.0,0.0,0.0,0.0,0.0,0.0,0.0,0.0,0.0,0.0,0.0,0.0
-0.085815,0.196087,-0.976824,-0.153527,0.291753,-0.944092,-0.124,0.249,-19.1,76.7,451.6,0.108,0.107,0.089,0.36,0.0,0.29,0.0,0.01,1.15,0.0,0.27,0.16,0.08,0.12,0.02,0.0,0.17,0.09,0.65,0.0,1.0,0.0,0.0,0.0,0.0,1.0,0.0,0.0,0.0,0.0,0.0,0.0,0.0,0.0,0.0,0.0,0.0,0.0
-0.08122,0.205736,-0.975231,-0.176227,0.283259,-0.942713,-0.133,0.25,-19.1,76.4,451.3,0.123,0.111,0.089,0.43,0.0,0.25,0.03,0.02,1.37,0.0,0.27,0.16,0.03,0.1,0.01,0.0,0.24,0.11,0.65,0.0,1.0,0.0,0.0,0.0,0.0,1.0,0.0,0.0,0.0,0.0,0.0,0.0,0.0,0.0,0.0,0.0,0.0,0.0
-0.077825,0.24052,-0.967519,-0.17102,0.276293,-0.945735,-0.129,0.264,-19.0,75.8,449.1,0.134,0.108,0.088,0.39,0.0,0.19,0.16,0.03,1.5,0.0,0.25,0.16,0.0,0.09,0.01,0.0,0.16,0.16,0.62,0.0,1.0,0.0,0.0,0.0,0.0,1.0,0.0,0.0,0.0,0.0,0.0,0.0,0.0,0.0,0.0,0.0,0.0,0.0
-0.066002,0.237091,-0.969243,-0.179587,0.313115,-0.932581,-0.128,0.282,-18.9,75.5,448.3,0.144,0.106,0.09,0.41,0.0,0.23,0.26,0.07,1.76,0.0,0.32,0.14,0.0,0.0,0.06,0.0,0.12,0.17,0.65,0.0,1.0,0.0,0.0,0.0,0.0,1.0,0.0,0.0,0.0,0.0,0.0,0.0,0.0,0.0,0.0,0.0,0.0,0.0
-0.026869,0.240221,-0.970346,-0.169393,0.304062,-0.937471,-0.103,0.278,-18.8,74.9,445.3,0.14,0.102,0.091,0.31,0.0,0.33,0.38,0.09,1.81,0.0,0.31,0.2,0.06,0.01,0.1,0.0,0.04,0.16,0.58,0.0,1.0,0.0,0.0,0.0,0.0,1.0,0.0,0.0,0.0,0.0,0.0,0.0,0.0,0.0,0.0,0.0,0.0,0.0
-0.033601,0.281166,-0.959071,-0.183961,0.303508,-0.934902,-0.114,0.299,-18.8,74.8,444.7,0.159,0.112,0.09,0.38,0.0,0.34,0.33,0.1,1.84,0.0,0.4,0.21,0.06,0.04,0.15,0.0,0.03,0.09,0.64,0.0,1.0,0.0,0.0,0.0,0.0,1.0,0.0,0.0,0.0,0.0,0.0,0.0,0.0,0.0,0.0,0.0,0.0,0.0
-0.020119,0.247191,-0.968758,-0.162375,0.284706,-0.944763,-0.095,0.271,-18.7,74.6,444.2,0.146,0.101,0.092,0.42,0.0,0.31,0.22,0.06,1.73,0.0,0.37,0.2,0.06,0.11,0.16,0.0,0.0,0.04,0.73,0.0,1.0,0.0,0.0,0.0,0.0,1.0,0.0,0.0,0.0,0.0,0.0,0.0,0.0,0.0,0.0,0.0,0.0,0.0
-0.04531,0.264531,-0.963312,-0.16286,0.318223,-0.933922,-0.109,0.298,-18.7,75.1,446.4,0.16,0.108,0.091,0.53,0.02,0.31,0.08,0.03,1.55,0.0,0.38,0.16,0.0,0.13,0.24,0.0,0.0,0.06,0.9,0.0,1.0,0.0,0.0,0.0,0.0,1.0,0.0,0.0,0.0,0.0,0.0,0.0,0.0,0.0,0.0,0.0,0.0,0.0
-0.051539,0.244145,-0.968368,-0.191027,0.325342,-0.9261,-0.127,0.292,-18.7,75.2,447.4,0.173,0.117,0.089,0.56,0.02,0.34,0.0,0.01,1.44,0.0,0.42,0.19,0.0,0.12,0.19,0.0,0.0,0.05,0.94,0.0,1.0,0.0,0.0,0.0,0.0,1.0,0.0,0.0,0.0,0.0,0.0,0.0,0.0,0.0,0.0,0.0,0.0,0.0
-0.060399,0.25335,-0.965487,-0.200823,0.31944,-0.926082,-0.137,0.294,-18.6,75.3,447.5,0.17,0.113,0.093,0.48,0.02,0.36,0.0,0.01,1.32,0.0,0.43,0.2,0.0,0.09,0.2,0.0,0.0,0.11,0.89,0.0,1.0,0.0,0.0,0.0,0.0,1.0,0.0,0.0,0.0,0.0,0.0,0.0,0.0,0.0,0.0,0.0,0.0,0.0
-0.029595,0.241187,-0.970027,-0.197046,0.3341,-0.92171,-0.119,0.295,-18.5,75.0,446.2,0.17,0.112,0.094,0.35,0.0,0.25,0.0,0.01,1.17,0.0,0.44,0.21,0.0,0.11,0.15,0.0,0.02,0.06,0.85,0.0,1.0,0.0,0.0,0.0,0.0,1.0,0.0,0.0,0.0,0.0,0.0,0.0,0.0,0.0,0.0,0.0,0.0,0.0
-0.052373,0.250453,-0.966711,-0.167944,0.318278,-0.933003,-0.115,0.291,-18.5,74.8,444.7,0.163,0.106,0.096,0.22,0.0,0.2,0.0,0.01,1.06,0.0,0.34,0.2,0.0,0.08,0.28,0.0,0.1,0.07,0.76,0.0,1.0,0.0,0.0,0.0,0.0,1.0,0.0,0.0,0.0,0.0,0.0,0.0,0.0,0.0,0.0,0.0,0.0,0.0
-0.010994,0.280334,-0.95984,-0.191081,0.320243,-0.927865,-0.107,0.308,-18.4,74.8,444.7,0.164,0.108,0.095,0.19,0.0,0.15,0.02,0.01,0.91,0.0,0.33,0.16,0.0,0.11,0.23,0.0,0.15,0.02,0.79,0.0,1.0,0.0,0.0,0.0,0.0,1.0,0.0,0.0,0.0,0.0,0.0,0.0,0.0,0.0,0.0,0.0,0.0,0.0
-0.004036,0.277962,-0.960583,-0.210829,0.339323,-0.916739,-0.114,0.318,-18.3,74.2,441.5,0.172,0.111,0.096,0.12,0.0,0.21,0.02,0.01,0.97,0.01,0.37,0.15,0.0,0.14,0.2,0.0,0.15,0.02,0.64,0.0,1.0,0.0,0.0,0.0,0.0,1.0,0.0,0.0,0.0,0.0,0.0,0.0,0.0,0.0,0.0,0.0,0.0,0.0
-0.003578,0.299932,-0.953954,-0.251164,0.331237,-0.909505,-0.136,0.327,-18.4,74.7,443.6,0.199,0.124,0.094,0.05,0.0,0.17,0.04,0.03,0.96,0.01,0.39,0.14,0.0,0.21,0.09,0.0,0.34,0.02,0.73,0.0,1.0,0.0,0.0,0.0,0.0,1.0,0.0,0.0,0.0,0.0,0.0,0.0,0.0,0.0,0.0,0.0,0.0,0.0
-0.010657,0.29029,-0.956879,-0.189173,0.341868,-0.92051,-0.106,0.325,-18.5,74.1,439.9,0.166,0.106,0.103,0.03,0.0,0.18,0.12,0.05,1.05,0.01,0.39,0.17,0.0,0.21,0.09,0.0,0.45,0.03,0.71,0.0,1.0,0.0,0.0,0.0,0.0,1.0,0.0,0.0,0.0,0.0,0.0,0.0,0.0,0.0,0.0,0.0,0.0,0.0
-0.005514,0.305413,-0.952204,-0.20792,0.332846,-0.919773,-0.114,0.329,-18.3,74.6,442.8,0.16,0.103,0.097,0.03,0.0,0.15,0.18,0.05,1.08,0.0,0.3,0.16,0.01,0.18,0.04,0.0,0.59,0.03,0.74,0.0,1.0,0.0,0.0,0.0,0.0,1.0,0.0,0.0,0.0,0.0,0.0,0.0,0.0,0.0,0.0,0.0,0.0,0.0
0.003807,0.26756,-0.963534,-0.191519,0.332511,-0.923449,-0.099,0.308,-18.1,74.1,440.6,0.161,0.102,0.098,0.03,0.0,0.19,0.24,0.01,1.17,0.0,0.33,0.14,0.01,0.18,0.02,0.0,0.45,0.06,0.69,0.0,1.0,0.0,0.0,0.0,0.0,1.0,0.0,0.0,0.0,0.0,0.0,0.0,0.0,0.0,0.0,0.0,0.0,0.0
-0.020061,0.277029,-0.960652,-0.158386,0.321849,-0.933449,-0.094,0.306,-18.2,74.2,441.3,0.152,0.098,0.099,0.01,0.0,0.22,0.25,0.0,1.18,0.0,0.38,0.14,0.01,0.14,0.02,0.0,0.36,0.05,0.7,0.0,1.0,0.0,0.0,0.0,0.0,1.0,0.0,0.0,0.0,0.0,0.0,0.0,0.0,0.0,0.0,0.0,0.0,0.0
-0.009432,0.293322,-0.955967,-0.13991,0.31248,-0.939565,-0.079,0.309,-18.2,74.2,441.0,0.157,0.099,0.099,0.01,0.0,0.26,0.28,0.0,1.18,0.0,0.37,0.13,0.0,0.1,0.04,0.0,0.28,0.09,0.78,0.0,1.0,0.0,0.0,0.0,0.0,1.0,0.0,0.0,0.0,0.0,0.0,0.0,0.0,0.0,0.0,0.0,0.0,0.0
0.002109,0.255602,-0.96678,-0.151784,0.312825,-0.937604,-0.078,0.29,-18.1,74.2,440.9,0.16,0.101,0.098,0.02,0.0,0.25,0.33,0.01,1.03,0.0,0.33,0.17,0.0,0.1,0.14,0.0,0.23,0.1,0.77,0.0,1.0,0.0,0.0,0.0,0.0,1.0,0.0,0.0,0.0,0.0,0.0,0.0,0.0,0.0,0.0,0.0,0.0,0.0
-5.4e-05,0.265156,-0.964206,-0.144702,0.321015,-0.935954,-0.076,0.299,-18.1,74.2,441.1,0.165,0.105,0.096,0.05,0.0,0.2,0.21,0.01,0.95,0.0,0.28,0.19,0.0,0.13,0.22,0.0,0.26,0.09,0.74,0.0,1.0,0.0,0.0,0.0,0.0,1.0,0.0,0.0,0.0,0.0,0.0,0.0,0.0,0.0,0.0,0.0,0.0,0.0
-0.008923,0.283391,-0.958963,-0.139013,0.328625,-0.934174,-0.078,0.313,-18.1,74.2,441.0,0.176,0.107,0.093,0.05,0.02,0.19,0.12,0.01,0.87,0.0,0.31,0.25,0.0,0.19,0.2,0.0,0.18,0.12,0.69,0.0,1.0,0.0,0.0,0.0,0.0,1.0,0.0,0.0,0.0,0.0,0.0,0.0,0.0,0.0,0.0,0.0,0.0,0.0
0.006762,0.293171,-0.956036,-0.138857,0.307374,-0.941403,-0.07,0.307,-18.2,74.4,442.2,0.177,0.106,0.094,0.1,0.02,0.25,0.0,0.0,0.95,0.0,0.31,0.28,0.0,0.16,0.08,0.0,0.11,0.09,0.63,0.0,1.0,0.0,0.0,0.0,0.0,1.0,0.0,0.0,0.0,0.0,0.0,0.0,0.0,0.0,0.0,0.0,0.0,0.0
-0.003453,0.258806,-0.965923,-0.15188,0.271344,-0.950423,-0.081,0.27,-18.2,74.4,442.0,0.169,0.104,0.094,0.08,0.03,0.36,0.0,0.02,1.12,0.01,0.29,0.27,0.0,0.11,0.03,0.0,0.0,0.16,0.63,0.0,1.0,0.0,0.0,0.0,0.0,1.0,0.0,0.0,0.0,0.0,0.0,0.0,0.0,0.0,0.0,0.0,0.0,0.0
0.017031,0.301158,-0.953422,-0.153258,0.274311,-0.94935,-0.071,0.294,-18.3,74.4,441.7,0.173,0.106,0.097,0.08,0.17,0.31,0.05,0.02,1.14,0.01,0.26,0.26,0.0,0.05,0.1,0.0,0.07,0.1,0.6,0.0,1.0,0.0,0.0,0.0,0.0,1.0,0.0,0.0,0.0,0.0,0.0,0.0,0.0,0.0,0.0,0.0,0.0,0.0
-0.015914,0.273032,-0.961873,-0.152976,0.29605,-0.942843,-0.088,0.29,-18.3,74.2,440.9,0.171,0.108,0.097,0.03,0.29,0.28,0.16,0.02,1.22,0.01,0.27,0.25,0.0,0.02,0.15,0.0,0.14,0.07,0.57,0.0,1.0,0.0,0.0,0.0,0.0,1.0,0.0,0.0,0.0,0.0,0.0,0.0,0.0,0.0,0.0,0.0,0.0,0.0
-0.03011,0.267651,-0.963045,-0.14018,0.280439,-0.949581,-0.089,0.279,-18.2,74.1,440.5,0.166,0.103,0.096,0.02,0.35,0.19,0.27,0.0,1.19,0.0,0.23,0.29,0.02,0.03,0.23,0.0,0.18,0.0,0.51,0.0,1.0,0.0,0.0,0.0,0.0,1.0,0.0,0.0,0.0,0.0,0.0,0.0,0.0,0.0,0.0,0.0,0.0,0.0
-0.018604,0.307776,-0.951277,-0.11318,0.294285,-0.948992,-0.069,0.307,-18.3,74.5,441.9,0.174,0.107,0.095,0.1,0.19,0.15,0.36,0.0,1.46,0.0,0.31,0.32,0.02,0.14,0.19,0.0,0.14,0.0,0.58,0.0,1.0,0.0,0.0,0.0,0.0,1.0,0.0,0.0,0.0,0.0,0.0,0.0,0.0,0.0,0.0,0.0,0.0,0.0
-0.034425,0.26392,-0.96393,-0.124149,0.310698,-0.942366,-0.083,0.293,-18.3,75.3,445.1,0.164,0.103,0.096,0.15,0.07,0.13,0.37,0.0,1.43,0.0,0.35,0.35,0.02,0.28,0.24,0.0,0.07,0.0,0.65,0.0,1.0,0.0,0.0,0.0,0.0,1.0,0.0,0.0,0.0,0.0,0.0,0.0,0.0,0.0,0.0,0.0,0.0,0.0
-0.041399,0.273499,-0.960981,-0.172622,0.288836,-0.941688,-0.112,0.287,-18.5,75.7,447.4,0.177,0.116,0.093,0.2,0.0,0.12,0.32,0.01,1.5,0.0,0.44,0.32,0.0,0.25,0.23,0.0,0.03,0.0,0.71,0.0,1.0,0.0,0.0,0.0,0.0,1.0,0.0,0.0,0.0,0.0,0.0,0.0,0.0,0.0,0.0,0.0,0.0,0.0
-0.07127,0.262104,-0.962404,-0.143939,0.301026,-0.94269,-0.112,0.287,-18.2,75.4,445.8,0.161,0.104,0.096,0.23,0.0,0.22,0.21,0.07,1.55,0.01,0.48,0.3,0.04,0.13,0.23,0.0,0.0,0.0,0.7,0.0,1.0,0.0,0.0,0.0,0.0,1.0,0.0,0.0,0.0,0.0,0.0,0.0,0.0,0.0,0.0,0.0,0.0,0.0
-0.050092,0.253015,-0.966165,-0.167547,0.303975,-0.937831,-0.114,0.285,-18.3,76.1,448.9,0.173,0.109,0.095,0.22,0.01,0.21,0.09,0.07,1.7,0.01,0.5,0.27,0.05,0.01,0.2,0.0,0.0,0.0,0.76,0.0,1.0,0.0,0.0,0.0,0.0,1.0,0.0,0.0,0.0,0.0,0.0,0.0,0.0,0.0,0.0,0.0,0.0,0.0
-0.037711,0.239259,-0.970223,-0.158509,0.300368,-0.94056,-0.102,0.275,-18.1,75.8,447.0,0.172,0.107,0.096,0.22,0.02,0.18,0.03,0.09,1.77,0.05,0.5,0.22,0.05,0.01,0.11,0.0,0.0,0.0,0.74,0.0,1.0,0.0,0.0,0.0,0.0,1.0,0.0,0.0,0.0,0.0,0.0,0.0,0.0,0.0,0.0,0.0,0.0,0.0
-0.062239,0.252988,-0.965465,-0.147816,0.237828,-0.959994,-0.109,0.25,-18.1,75.7,446.4,0.164,0.103,0.097,0.21,0.02,0.08,0.0,0.08,1.72,0.05,0.48,0.19,0.03,0.01,0.16,0.0,0.0,0.0,0.75,0.0,1.0,0.0,0.0,0.0,0.0,1.0,0.0,0.0,0.0,0.0,0.0,0.0,0.0,0.0,0.0,0.0,0.0,0.0
-0.020547,0.236525,-0.971408,-0.147676,0.330864,-0.932052,-0.088,0.29,-18.1,75.7,445.9,0.162,0.106,0.096,0.15,0.01,0.08,0.07,0.08,1.68,0.07,0.52,0.19,0.08,0.01,0.18,0.0,0.06,0.01,0.77,0.0,1.0,0.0,0.0,0.0,0.0,1.0,0.0,0.0,0.0,0.0,0.0,0.0,0.0,0.0,0.0,0.0,0.0,0.0
0.037158,0.266451,-0.963132,-0.128352,0.256426,-0.958004,-0.047,0.266,-17.8,74.3,439.5,0.168,0.103,0.098,0.16,0.02,0.06,0.07,0.07,1.69,0.04,0.49,0.22,0.1,0.02,0.19,0.0,0.06,0.01,0.86,0.0,1.0,0.0,0.0,0.0,0.0,1.0,0.0,0.0,0.0,0.0,0.0,0.0,0.0,0.0,0.0,0.0,0.0,0.0
0.024449,0.236562,-0.971309,-0.146157,0.298698,-0.943089,-0.063,0.273,-18.2,75.6,445.5,0.16,0.105,0.098,0.17,0.02,0.12,0.07,0.06,1.66,0.05,0.47,0.22,0.15,0.02,0.2,0.0,0.06,0.01,0.86,0.0,1.0,0.0,0.0,0.0,0.0,1.0,0.0,0.0,0.0,0.0,0.0,0.0,0.0,0.0,0.0,0.0,0.0,0.0
-0.011941,0.257144,-0.966299,-0.144456,0.293452,-0.944996,-0.082,0.28,-18.1,75.5,444.9,0.162,0.106,0.095,0.17,0.02,0.13,0.0,0.05,1.65,0.03,0.45,0.2,0.15,0.01,0.13,0.0,0.06,0.0,0.81,0.0,1.0,0.0,0.0,0.0,0.0,1.0,0.0,0.0,0.0,0.0,0.0,0.0,0.0,0.0,0.0,0.0,0.0,0.0
0.012176,0.267763,-0.963408,-0.143633,0.299254,-0.943301,-0.069,0.289,-18.0,74.8,441.2,0.169,0.102,0.098,0.15,0.0,0.2,0.13,0.03,1.67,0.03,0.57,0.22,0.21,0.04,0.15,0.0,0.06,0.0,0.73,0.0,1.0,0.0,0.0,0.0,0.0,1.0,0.0,0.0,0.0,0.0,0.0,0.0,0.0,0.0,0.0,0.0,0.0,0.0
5.2e-05,0.255973,-0.966684,-0.130583,0.320345,-0.938258,-0.068,0.294,-18.0,74.8,441.1,0.17,0.104,0.097,0.11,0.05,0.2,0.19,0.0,1.59,0.01,0.63,0.22,0.14,0.21,0.14,0.0,0.06,0.0,0.72,0.0,1.0,0.0,0.0,0.0,0.0,1.0,0.0,0.0,0.0,0.0,0.0,0.0,0.0,0.0,0.0,0.0,0.0,0.0
-0.018443,0.278338,-0.960306,-0.120691,0.337211,-0.933661,-0.073,0.314,-18.0,75.0,441.0,0.174,0.105,0.096,0.11,0.05,0.21,0.25,0.0,1.58,0.03,0.65,0.2,0.08,0.23,0.19,0.0,0.0,0.0,0.66,0.0,1.0,0.0,0.0,0.0,0.0,1.0,0.0,0.0,0.0,0.0,0.0,0.0,0.0,0.0,0.0,0.0,0.0,0.0
-0.020592,0.277564,-0.960486,-0.13622,0.31993,-0.937597,-0.082,0.305,-17.9,75.0,439.4,0.169,0.101,0.098,0.06,0.05,0.19,0.31,0.0,1.49,0.06,0.53,0.16,0.0,0.22,0.16,0.0,0.0,0.0,0.67,0.0,1.0,0.0,0.0,0.0,0.0,1.0,0.0,0.0,0.0,0.0,0.0,0.0,0.0,0.0,0.0,0.0,0.0,0.0
-0.024885,0.278095,-0.960231,-0.151556,0.322369,-0.934403,-0.093,0.307,-17.9,75.3,439.6,0.172,0.101,0.098,0.05,0.06,0.14,0.29,0.0,1.45,0.08,0.38,0.13,0.03,0.05,0.16,0.0,0.0,0.0,0.64,0.0,1.0,0.0,0.0,0.0,0.0,1.0,0.0,0.0,0.0,0.0,0.0,0.0,0.0,0.0,0.0,0.0,0.0,0.0
-0.024425,0.257155,-0.966061,-0.160229,0.325538,-0.931854,-0.097,0.298,-17.9,75.5,440.1,0.17,0.104,0.096,0.05,0.22,0.13,0.23,0.0,1.37,0.06,0.26,0.12,0.03,0.03,0.15,0.0,0.01,0.0,0.71,0.0,1.0,0.0,0.0,0.0,0.0,1.0,0.0,0.0,0.0,0.0,0.0,0.0,0.0,0.0,0.0,0.0,0.0,0.0
0.01116,0.255411,-0.966768,-0.148472,0.321608,-0.93516,-0.072,0.295,-18.1,75.9,441.4,0.167,0.099,0.1,0.05,0.22,0.13,0.15,0.0,1.51,0.02,0.3,0.14,0.03,0.02,0.22,0.0,0.05,0.0,0.74,0.0,1.0,0.0,0.0,0.0,0.0,1.0,0.0,0.0,0.0,0.0,0.0,0.0,0.0,0.0,0.0,0.0,0.0,0.0
0.012883,0.261822,-0.96503,-0.145199,0.325552,-0.934309,-0.07,0.3,-18.1,76.0,441.1,0.171,0.101,0.1,0.0,0.16,0.19,0.1,0.0,1.55,0.0,0.37,0.14,0.0,0.02,0.18,0.0,0.11,0.0,0.79,0.0,1.0,0.0,0.0,0.0,0.0,1.0,0.0,0.0,0.0,0.0,0.0,0.0,0.0,0.0,0.0,0.0,0.0,0.0
-0.009249,0.275044,-0.961387,-0.164691,0.327873,-0.930256,-0.092,0.309,-18.1,75.8,440.2,0.169,0.102,0.101,0.02,0.04,0.13,0.18,0.0,1.68,0.0,0.45,0.16,0.01,0.02,0.17,0.0,0.18,0.0,0.81,0.0,1.0,0.0,0.0,0.0,0.0,1.0,0.0,0.0,0.0,0.0,0.0,0.0,0.0,0.0,0.0,0.0,0.0,0.0
0.013414,0.195755,-0.980561,-0.130129,0.290584,-0.94796,-0.06,0.247,-18.2,76.2,442.6,0.158,0.094,0.101,0.02,0.04,0.11,0.13,0.0,1.58,0.0,0.41,0.14,0.01,0.04,0.09,0.0,0.2,0.0,0.84,0.0,1.0,0.0,0.0,0.0,0.0,1.0,0.0,0.0,0.0,0.0,0.0,0.0,0.0,0.0,0.0,0.0,0.0,0.0
-0.03284,0.286808,-0.957425,-0.122713,0.309149,-0.943063,-0.082,0.304,-18.3,75.7,440.5,0.16,0.097,0.102,0.05,0.06,0.11,0.18,0.0,1.53,0.04,0.42,0.14,0.01,0.04,0.16,0.0,0.14,0.0,0.92,0.0,1.0,0.0,0.0,0.0,0.0,1.0,0.0,0.0,0.0,0.0,0.0,0.0,0.0,0.0,0.0,0.0,0.0,0.0
-0.047554,0.242648,-0.968948,-0.152101,0.298306,-0.942273,-0.104,0.276,-18.5,76.8,445.7,0.164,0.1,0.101,0.05,0.02,0.13,0.24,0.0,1.35,0.04,0.32,0.13,0.05,0.04,0.11,0.0,0.09,0.01,0.92,0.0,1.0,0.0,0.0,0.0,0.0,1.0,0.0,0.0,0.0,0.0,0.0,0.0,0.0,0.0,0.0,0.0,0.0,0.0
-0.042876,0.251231,-0.966977,-0.150463,0.29223,-0.944438,-0.101,0.277,-18.4,75.9,441.4,0.164,0.097,0.102,0.07,0.05,0.13,0.3,0.0,1.31,0.04,0.29,0.13,0.05,0.0,0.11,0.0,0.08,0.04,1.04,0.0,1.0,0.0,0.0,0.0,0.0,1.0,0.0,0.0,0.0,0.0,0.0,0.0,0.0,0.0,0.0,0.0,0.0,0.0
-0.007109,0.242682,-0.97008,-0.145302,0.314056,-0.93822,-0.08,0.284,-18.3,76.1,442.0,0.163,0.096,0.101,0.04,0.03,0.05,0.35,0.0,1.38,0.0,0.28,0.14,0.13,0.0,0.07,0.0,0.15,0.09,1.09,0.0,1.0,0.0,0.0,0.0,0.0,1.0,0.0,0.0,0.0,0.0,0.0,0.0,0.0,0.0,0.0,0.0,0.0,0.0
-0.009384,0.250598,-0.968046,-0.159951,0.324078,-0.93241,-0.089,0.294,-18.2,75.6,439.7,0.159,0.094,0.102,0.02,0.15,0.03,0.24,0.0,1.52,0.0,0.33,0.15,0.08,0.0,0.1,0.0,0.18,0.08,1.11,0.0,1.0,0.0,0.0,0.0,0.0,1.0,0.0,0.0,0.0,0.0,0.0,0.0,0.0,0.0,0.0,0.0,0.0,0.0
-0.012348,0.241452,-0.970334,-0.149183,0.321853,-0.934963,-0.085,0.287,-18.3,75.9,441.4,0.159,0.096,0.103,0.0,0.12,0.04,0.23,0.0,1.58,0.0,0.39,0.21,0.19,0.0,0.1,0.0,0.21,0.05,0.95,0.0,1.0,0.0,0.0,0.0,0.0,1.0,0.0,0.0,0.0,0.0,0.0,0.0,0.0,0.0,0.0,0.0,0.0,0.0
-0.031177,0.229183,-0.972884,-0.150061,0.297962,-0.942709,-0.094,0.269,-18.0,75.6,440.6,0.155,0.092,0.103,0.0,0.12,0.1,0.21,0.0,1.59,0.0,0.36,0.23,0.13,0.0,0.08,0.0,0.23,0.0,0.78,0.0,0.0,0.0,0.0,0.0,0.0,1.0,0.0,0.0,0.0,0.0,0.0,0.0,0.0,0.0,0.0,0.0,0.0,0.0
-0.043107,0.217709,-0.975061,-0.154312,0.30456,-0.93991,-0.103,0.266,-18.1,75.7,442.0,0.147,0.093,0.103,0.0,0.0,0.15,0.18,0.0,1.4,0.0,0.34,0.24,0.21,0.0,0.15,0.0,0.21,0.0,0.75,0.0,0.0,0.0,0.0,0.0,0.0,1.0,0.0,0.0,0.0,0.0,0.0,0.0,0.0,0.0,0.0,0.0,0.0,0.0
-0.057154,0.234192,-0.970509,-0.148356,0.303434,-0.941233,-0.107,0.274,-18.3,76.2,445.8,0.147,0.092,0.106,0.0,0.0,0.15,0.16,0.0,1.27,0.0,0.29,0.2,0.12,0.0,0.23,0.0,0.18,0.0,0.76,0.0,0.0,0.0,0.0,0.0,0.0,1.0,0.0,0.0,0.0,0.0,0.0,0.0,0.0,0.0,0.0,0.0,0.0,0.0
-0.044307,0.230803,-0.971991,-0.128357,0.277137,-0.952218,-0.089,0.258,-18.3,76.2,445.8,0.145,0.093,0.107,0.0,0.0,0.09,0.1,0.0,1.17,0.0,0.26,0.21,0.12,0.0,0.24,0.0,0.1,0.03,0.81,0.0,0.0,0.0,0.0,0.0,0.0,1.0,0.0,0.0,0.0,0.0,0.0,0.0,0.0,0.0,0.0,0.0,0.0,0.0
-0.060333,0.235159,-0.970083,-0.147774,0.294527,-0.944149,-0.108,0.27,-18.3,76.0,445.2,0.151,0.094,0.105,0.0,0.0,0.08,0.16,0.0,1.33,0.0,0.24,0.2,0.05,0.0,0.15,0.0,0.14,0.03,0.78,0.0,0.0,0.0,0.0,0.0,0.0,1.0,0.0,0.0,0.0,0.0,0.0,0.0,0.0,0.0,0.0,0.0,0.0,0.0
-0.064152,0.253192,-0.965287,-0.121232,0.279889,-0.952347,-0.096,0.271,-18.2,76.0,446.0,0.159,0.096,0.102,0.0,0.0,0.09,0.14,0.0,1.37,0.0,0.26,0.2,0.03,0.0,0.06,0.0,0.11,0.03,0.74,0.0,0.0,0.0,0.0,0.0,0.0,1.0,0.0,0.0,0.0,0.0,0.0,0.0,0.0,0.0,0.0,0.0,0.0,0.0
-0.067137,0.293878,-0.953482,-0.161967,0.300428,-0.939952,-0.12,0.304,-18.1,75.4,443.7,0.154,0.096,0.102,0.0,0.0,0.11,0.15,0.03,1.53,0.01,0.32,0.2,0.04,0.0,0.02,0.0,0.08,0.01,0.74,0.0,0.0,0.0,0.0,0.0,0.0,1.0,0.0,0.0,0.0,0.0,0.0,0.0,0.0,0.0,0.0,0.0,0.0,0.0
-0.05977,0.343796,-0.93714,-0.16228,0.287304,-0.943992,-0.117,0.324,-18.2,75.5,444.5,0.152,0.094,0.105,0.0,0.0,0.13,0.1,0.07,1.42,0.01,0.44,0.22,0.04,0.0,0.02,0.0,0.02,0.01,0.74,0.0,0.0,0.0,0.0,0.0,0.0,1.0,0.0,0.0,0.0,0.0,0.0,0.0,0.0,0.0,0.0,0.0,0.0,0.0
-0.058972,0.281757,-0.957672,-0.140019,0.284486,-0.9484,-0.104,0.289,-18.2,75.9,447.4,0.151,0.094,0.101,0.0,0.0,0.1,0.03,0.07,1.53,0.01,0.45,0.21,0.07,0.0,0.07,0.0,0.0,0.01,0.74,0.0,0.0,0.0,0.0,0.0,0.0,1.0,0.0,0.0,0.0,0.0,0.0,0.0,0.0,0.0,0.0,0.0,0.0,0.0
-0.029695,0.258755,-0.965487,-0.17112,0.268832,-0.947864,-0.105,0.269,-18.3,75.9,448.2,0.144,0.092,0.102,0.0,0.0,0.11,0.1,0.04,1.34,0.01,0.41,0.21,0.03,0.0,0.07,0.0,0.02,0.0,0.76,0.0,0.0,0.0,0.0,0.0,0.0,1.0,0.0,0.0,0.0,0.0,0.0,0.0,0.0,0.0,0.0,0.0,0.0,0.0
-0.036907,0.264411,-0.963704,-0.167974,0.237968,-0.956638,-0.106,0.256,-17.9,74.7,442.1,0.147,0.094,0.101,0.0,0.0,0.05,0.1,0.0,1.43,0.01,0.33,0.2,0.03,0.0,0.05,0.0,0.02,0.0,0.69,0.0,0.0,0.0,0.0,0.0,0.0,1.0,0.0,0.0,0.0,0.0,0.0,0.0,0.0,0.0,0.0,0.0,0.0,0.0
-0.043166,0.267192,-0.962676,-0.16794,0.188826,-0.967544,-0.109,0.232,-18.2,75.7,448.2,0.135,0.09,0.102,0.0,0.0,0.09,0.11,0.0,1.49,0.01,0.39,0.21,0.01,0.0,0.0,0.0,0.02,0.0,0.57,0.0,0.0,0.0,0.0,0.0,0.0,1.0,0.0,0.0,0.0,0.0,0.0,0.0,0.0,0.0,0.0,0.0,0.0,0.0
-0.060314,0.270517,-0.960824,-0.13384,0.201939,-0.97021,-0.1,0.24,-18.4,76.2,452.1,0.128,0.085,0.1,0.0,0.0,0.22,0.01,0.05,1.76,0.0,0.47,0.26,0.02,0.0,0.0,0.08,0.0,0.0,0.37,0.0,0.0,0.0,0.0,0.0,0.0,1.0,0.0,0.0,0.0,0.0,0.0,0.0,0.0,0.0,0.0,0.0,0.0,0.0
-0.071704,0.267317,-0.960937,-0.121434,0.173946,-0.977239,-0.099,0.224,-18.7,77.0,458.3,0.126,0.085,0.099,0.0,0.0,0.37,0.01,0.15,1.95,0.01,0.5,0.31,0.04,0.0,0.04,0.12,0.0,0.0,0.34,0.0,0.0,0.0,0.0,0.0,0.0,1.0,0.0,0.0,0.0,0.0,0.0,0.0,0.0,0.0,0.0,0.0,0.0,0.0
-0.078131,0.258268,-0.962909,-0.130695,0.194695,-0.972118,-0.108,0.23,-18.5,76.4,455.9,0.119,0.084,0.096,0.0,0.0,0.41,0.04,0.26,2.01,0.02,0.52,0.34,0.04,0.0,0.04,0.15,0.0,0.0,0.27,0.0,0.0,0.0,0.0,0.0,0.0,1.0,0.0,0.0,0.0,0.0,0.0,0.0,0.0,0.0,0.0,0.0,0.0,0.0
-0.061388,0.266634,-0.961841,-0.104964,0.153673,-0.982531,-0.085,0.213,-18.8,76.3,458.1,0.116,0.086,0.094,0.0,0.0,0.39,0.04,0.34,1.89,0.02,0.61,0.35,0.03,0.0,0.09,0.09,0.0,0.0,0.21,0.0,0.0,0.0,0.0,0.0,0.0,1.0,0.0,0.0,0.0,0.0,0.0,0.0,0.0,0.0,0.0,0.0,0.0,0.0
-0.076839,0.252782,-0.964467,-0.119045,0.171905,-0.977894,-0.101,0.215,-18.7,76.1,458.9,0.108,0.083,0.092,0.0,0.0,0.39,0.04,0.36,1.75,0.05,0.64,0.32,0.01,0.0,0.09,0.11,0.0,0.0,0.06,0.0,0.0,0.0,0.0,0.0,0.0,1.0,0.0,0.0,0.0,0.0,0.0,0.0,0.0,0.0,0.0,0.0,0.0,0.0
-0.063109,0.239315,-0.968889,-0.11195,0.164542,-0.979997,-0.09,0.204,-18.6,76.0,460.1,0.108,0.088,0.088,0.0,0.0,0.46,0.0,0.35,1.64,0.06,0.65,0.32,0.01,0.0,0.19,0.1,0.0,0.0,0.03,0.0,0.0,0.0,0.0,0.0,0.0,1.0,0.0,0.0,0.0,0.0,0.0,0.0,0.0,0.0,0.0,0.0,0.0,0.0
-0.077441,0.251866,-0.964659,-0.114492,0.169082,-0.978929,-0.098,0.213,-18.6,75.6,460.4,0.102,0.089,0.086,0.0,0.0,0.48,0.0,0.3,1.69,0.06,0.58,0.31,0.0,0.0,0.18,0.13,0.0,0.0,0.01,0.0,0.0,0.0,0.0,0.0,0.0,1.0,0.0,0.0,0.0,0.0,0.0,0.0,0.0,0.0,0.0,0.0,0.0,0.0
-0.071608,0.252407,-0.964968,-0.156019,0.179456,-0.971315,-0.117,0.219,-18.5,75.6,462.1,0.098,0.092,0.082,0.0,0.0,0.49,0.0,0.25,1.58,0.02,0.52,0.34,0.0,0.0,0.23,0.15,0.0,0.0,0.01,0.0,0.0,0.0,0.0,0.0,0.0,1.0,0.0,0.0,0.0,0.0,0.0,0.0,0.0,0.0,0.0,0.0,0.0,0.0
-0.088005,0.235907,-0.967783,-0.12125,0.124549,-0.984777,-0.107,0.183,-18.4,75.6,464.0,0.106,0.107,0.078,0.0,0.0,0.52,0.0,0.23,1.7,0.02,0.5,0.36,0.12,0.0,0.2,0.17,0.0,0.0,0.01,0.0,0.0,0.0,0.0,0.0,0.0,1.0,0.0,0.0,0.0,0.0,0.0,0.0,0.0,0.0,0.0,0.0,0.0,0.0
-0.081856,0.251718,-0.964333,-0.147006,0.189206,-0.970871,-0.118,0.224,-18.0,74.3,459.4,0.094,0.096,0.076,0.0,0.0,0.59,0.0,0.27,1.57,0.05,0.43,0.34,0.12,0.0,0.3,0.21,0.0,0.03,0.0,0.11,0.0,0.0,0.0,0.0,0.0,1.0,0.0,0.0,0.0,0.0,0.0,0.0,0.0,0.0,0.0,0.0,0.0,0.0
-0.072265,0.245475,-0.966706,-0.147359,0.186151,-0.971408,-0.113,0.219,-17.8,73.9,458.9,0.098,0.099,0.072,0.0,0.0,0.57,0.0,0.3,1.73,0.09,0.48,0.32,0.12,0.0,0.3,0.18,0.0,0.03,0.0,0.11,0.0,0.0,0.0,0.0,0.0,1.0,0.0,0.0,0.0,0.0,0.0,0.0,0.0,0.0,0.0,0.0,0.0,0.0
-0.066361,0.265668,-0.961778,-0.149482,0.202183,-0.967873,-0.111,0.238,-17.6,73.7,459.7,0.097,0.105,0.073,0.0,0.0,0.58,0.0,0.29,1.57,0.08,0.44,0.28,0.0,0.0,0.31,0.15,0.0,0.08,0.03,0.11,0.0,0.0,0.0,0.0,0.0,1.0,0.0,0.0,0.0,0.0,0.0,0.0,0.0,0.0,0.0,0.0,0.0,0.0
-0.081964,0.261545,-0.961705,-0.098948,0.155337,-0.982894,-0.093,0.211,-17.5,73.8,460.8,0.099,0.109,0.071,0.0,0.0,0.56,0.0,0.3,1.62,0.07,0.45,0.28,0.0,0.0,0.26,0.06,0.0,0.1,0.03,0.0,0.0,0.0,0.0,0.0,0.0,1.0,0.0,0.0,0.0,0.0,0.0,0.0,0.0,0.0,0.0,0.0,0.0,0.0
-0.081894,0.259396,-0.962293,-0.093694,0.151349,-0.98403,-0.09,0.208,-17.4,73.7,460.6,0.099,0.111,0.07,0.0,0.0,0.55,0.0,0.25,1.5,0.03,0.36,0.19,0.0,0.03,0.18,0.02,0.08,0.23,0.14,0.0,0.0,0.0,0.0,0.0,0.0,1.0,0.0,0.0,0.0,0.0,0.0,0.0,0.0,0.0,0.0,0.0,0.0,0.0
-0.046386,0.258743,-0.964832,-0.157362,0.222536,-0.962141,-0.105,0.245,-17.5,72.3,451.5,0.076,0.104,0.077,0.12,0.0,0.57,0.0,0.24,1.67,0.01,0.36,0.16,0.0,0.03,0.11,0.03,0.08,0.21,0.18,0.0,0.0,0.0,0.0,0.0,0.0,1.0,0.0,0.0,0.0,0.0,0.0,0.0,0.0,0.0,0.0,0.0,0.0,0.0
-0.072781,0.258497,-0.963266,-0.135258,0.193953,-0.971642,-0.107,0.23,-16.7,73.1,457.3,0.094,0.109,0.067,0.12,0.0,0.58,0.0,0.17,1.83,0.0,0.34,0.13,0.0,0.03,0.07,0.04,0.08,0.23,0.19,0.0,0.0,0.0,0.0,0.0,0.0,1.0,0.0,0.0,0.0,0.0,0.0,0.0,0.0,0.0,0.0,0.0,0.0,0.0
-0.055766,0.247475,-0.967288,-0.139093,0.190037,-0.971874,-0.1,0.222,-16.6,72.8,457.3,0.074,0.099,0.068,0.12,0.0,0.68,0.0,0.28,2.03,0.0,0.38,0.21,0.0,0.0,0.1,0.07,0.0,0.1,0.08,0.0,0.0,0.0,0.0,0.0,0.0,1.0,0.0,0.0,0.0,0.0,0.0,0.0,0.0,0.0,0.0,0.0,0.0,0.0
-0.041227,0.260885,-0.964489,-0.163122,0.213626,-0.9632,-0.106,0.241,-16.6,73.0,459.1,0.078,0.103,0.068,0.0,0.0,0.71,0.0,0.34,1.97,0.02,0.35,0.24,0.0,0.0,0.14,0.09,0.0,0.06,0.01,0.13,0.0,0.0,0.0,0.0,0.0,1.0,0.0,0.0,0.0,0.0,0.0,0.0,0.0,0.0,0.0,0.0,0.0,0.0
-0.053493,0.26354,-0.963164,-0.115444,0.204804,-0.971971,-0.087,0.237,-16.4,72.8,457.9,0.088,0.102,0.068,0.0,0.0,0.75,0.0,0.38,1.77,0.02,0.48,0.29,0.0,0.0,0.18,0.12,0.0,0.01,0.0,0.21,0.0,0.0,0.0,0.0,0.0,1.0,0.0,0.0,0.0,0.0,0.0,0.0,0.0,0.0,0.0,0.0,0.0,0.0
-0.076208,0.262204,-0.961999,-0.14348,0.184078,-0.972383,-0.113,0.227,-16.3,72.4,456.3,0.082,0.098,0.069,0.0,0.0,0.76,0.0,0.4,1.71,0.02,0.49,0.31,0.03,0.0,0.24,0.21,0.0,0.01,0.0,0.33,0.0,0.0,0.0,0.0,0.0,1.0,0.0,0.0,0.0,0.0,0.0,0.0,0.0,0.0,0.0,0.0,0.0,0.0
-0.066131,0.268102,-0.961118,-0.156016,0.188451,-0.969611,-0.115,0.232,-16.3,72.5,456.9,0.084,0.098,0.068,0.0,0.0,0.69,0.0,0.42,1.62,0.0,0.49,0.32,0.04,0.0,0.32,0.23,0.0,0.01,0.01,0.34,0.0,0.0,0.0,0.0,0.0,1.0,0.0,0.0,0.0,0.0,0.0,0.0,0.0,0.0,0.0,0.0,0.0,1.0
-0.045572,0.256579,-0.965448,-0.146679,0.167223,-0.974947,-0.099,0.215,-16.3,72.2,456.0,0.081,0.093,0.071,0.0,0.0,0.66,0.0,0.47,1.71,0.02,0.47,0.35,0.05,0.0,0.28,0.18,0.0,0.0,0.01,0.41,0.0,0.0,0.0,0.0,0.0,1.0,0.0,0.0,0.0,0.0,0.0,0.0,0.0,0.0,0.0,0.0,0.0,1.0
-0.045397,0.273005,-0.960941,-0.12362,0.185083,-0.974917,-0.087,0.232,-16.8,72.8,459.7,0.095,0.107,0.071,0.0,0.0,0.59,0.0,0.4,1.45,0.02,0.48,0.32,0.02,0.03,0.31,0.07,0.0,0.0,0.03,0.35,0.0,0.0,0.0,0.0,0.0,1.0,0.0,0.0,0.0,0.0,0.0,0.0,0.0,0.0,0.0,0.0,0.0,1.0
-0.034005,0.278761,-0.959758,-0.137196,0.147097,-0.979561,-0.088,0.216,-17.2,73.0,460.9,0.098,0.108,0.072,0.0,0.0,0.55,0.0,0.39,1.53,0.02,0.52,0.29,0.04,0.03,0.3,0.03,0.0,0.0,0.02,0.27,0.0,0.0,0.0,0.0,0.0,1.0,0.0,0.0,0.0,0.0,0.0,0.0,0.0,0.0,0.0,0.0,0.0,1.0
-0.030939,0.277553,-0.960212,-0.12815,0.168078,-0.977408,-0.082,0.226,-17.4,72.3,458.5,0.083,0.097,0.071,0.0,0.0,0.53,0.0,0.36,1.53,0.01,0.43,0.28,0.06,0.03,0.38,0.03,0.0,0.0,0.02,0.16,0.0,0.0,0.0,0.0,0.0,1.0,0.0,0.0,0.0,0.0,0.0,0.0,0.0,0.0,0.0,0.0,0.0,1.0
-0.026332,0.273579,-0.961489,-0.162971,0.160461,-0.973495,-0.098,0.221,-17.6,72.1,457.1,0.083,0.098,0.07,0.0,0.0,0.56,0.0,0.41,1.71,0.02,0.36,0.31,0.06,0.0,0.32,0.01,0.0,0.0,0.0,0.15,0.0,0.0,0.0,0.0,0.0,1.0,0.0,0.0,0.0,0.0,0.0,0.0,0.0,0.0,0.0,0.0,0.0,0.0
-0.044484,0.273688,-0.960789,-0.164551,0.185205,-0.968825,-0.108,0.233,-17.9,71.8,456.3,0.08,0.097,0.067,0.0,0.0,0.66,0.0,0.39,1.6,0.04,0.36,0.31,0.03,0.0,0.32,0.06,0.0,0.0,0.0,0.1,0.0,0.0,0.0,0.0,0.0,1.0,0.0,0.0,0.0,0.0,0.0,0.0,0.0,0.0,0.0,0.0,0.0,0.0
-0.04924,0.282841,-0.957902,-0.148571,0.19443,-0.9696,-0.102,0.243,-18.0,71.7,455.6,0.084,0.094,0.065,0.0,0.0,0.71,0.0,0.38,1.57,0.04,0.4,0.28,0.0,0.0,0.35,0.19,0.0,0.0,0.04,0.1,0.0,0.0,0.0,0.0,0.0,1.0,0.0,0.0,0.0,0.0,0.0,0.0,0.0,0.0,0.0,0.0,0.0,0.0
-0.060693,0.282432,-0.957366,-0.134598,0.192142,-0.972093,-0.101,0.241,-18.3,71.9,456.3,0.083,0.096,0.063,0.0,0.0,0.71,0.0,0.35,1.54,0.05,0.38,0.25,0.0,0.0,0.36,0.24,0.0,0.0,0.04,0.04,0.0,0.0,0.0,0.0,0.0,1.0,0.0,0.0,0.0,0.0,0.0,1.0,0.0,0.0,0.0,0.0,0.0,0.0
-0.068266,0.27543,-0.958894,-0.136988,0.187528,-0.97266,-0.106,0.235,-18.8,72.5,459.5,0.094,0.108,0.062,0.0,0.0,0.72,0.0,0.33,1.47,0.06,0.37,0.25,0.0,0.0,0.44,0.2,0.0,0.0,0.06,0.07,0.0,0.0,0.0,0.0,0.0,1.0,0.0,0.0,0.0,0.0,0.0,0.0,0.0,0.0,0.0,0.0,0.0,0.0
-0.070891,0.270145,-0.960206,-0.160932,0.170455,-0.972135,-0.119,0.224,-18.9,72.7,460.0,0.09,0.108,0.062,0.0,0.0,0.71,0.0,0.34,1.5,0.09,0.34,0.24,0.0,0.0,0.42,0.06,0.0,0.0,0.03,0.12,0.0,0.0,0.0,0.0,0.0,1.0,0.0,0.0,0.0,0.0,0.0,0.0,0.0,0.0,0.0,0.0,0.0,0.0
-0.061,0.270741,-0.960718,-0.131791,0.166668,-0.977166,-0.099,0.222,-18.9,72.7,459.6,0.089,0.109,0.063,0.0,0.0,0.73,0.0,0.39,1.51,0.15,0.38,0.22,0.0,0.0,0.48,0.0,0.0,0.0,0.1,0.14,0.0,0.0,0.0,0.0,0.0,1.0,0.0,0.0,0.0,0.0,0.0,1.0,0.0,0.0,0.0,0.0,0.0,1.0
-0.000436,0.296234,-0.955115,-0.138768,0.156845,-0.977826,-0.072,0.23,-19.0,72.4,457.8,0.092,0.109,0.06,0.0,0.0,0.75,0.0,0.45,1.62,0.16,0.37,0.22,0.0,0.0,0.42,0.0,0.0,0.0,0.16,0.33,0.0,0.0,0.0,0.0,0.0,1.0,0.0,0.0,0.0,0.0,0.0,1.0,0.0,0.0,0.0,0.0,0.0,1.0
0.010109,0.307005,-0.951654,-0.151221,0.177853,-0.972369,-0.073,0.247,-18.9,72.3,457.0,0.084,0.105,0.061,0.0,0.0,0.83,0.0,0.47,1.57,0.13,0.4,0.25,0.03,0.0,0.47,0.0,0.0,0.0,0.16,0.45,0.0,0.0,0.0,0.0,0.0,1.0,0.0,0.0,0.0,0.0,0.0,1.0,0.0,0.0,0.0,0.0,0.0,1.0
0.005276,0.256063,-0.966646,-0.170504,0.179123,-0.968939,-0.085,0.221,-19.0,72.9,459.5,0.078,0.108,0.06,0.01,0.0,0.93,0.0,0.45,1.66,0.06,0.43,0.31,0.07,0.0,0.55,0.12,0.0,0.0,0.09,0.65,0.0,0.0,0.0,0.0,0.0,1.0,0.0,0.0,0.0,0.0,0.0,0.0,0.0,0.0,0.0,0.0,0.0,1.0
0.005654,0.25658,-0.966506,-0.176098,0.187684,-0.966315,-0.088,0.226,-18.9,72.8,458.9,0.081,0.108,0.061,0.01,0.0,0.92,0.0,0.43,1.59,0.01,0.44,0.34,0.1,0.0,0.63,0.15,0.0,0.0,0.0,0.56,0.0,0.0,0.0,0.0,0.0,1.0,0.0,0.0,0.0,0.0,0.0,0.0,0.0,0.0,0.0,0.0,0.0,1.0
-0.025245,0.25567,-0.966434,-0.175016,0.181716,-0.967651,-0.103,0.222,-18.8,72.9,458.8,0.081,0.106,0.062,0.01,0.0,0.8,0.0,0.43,1.5,0.02,0.42,0.37,0.11,0.0,0.57,0.2,0.0,0.03,0.02,0.47,0.0,0.0,0.0,0.0,0.0,1.0,0.0,0.0,0.0,0.0,0.0,0.0,0.0,0.0,0.0,0.0,0.0,1.0
-0.003832,0.22511,-0.974326,-0.182858,0.190611,-0.964485,-0.096,0.211,-18.7,72.5,457.0,0.074,0.1,0.06,0.0,0.0,0.76,0.0,0.46,1.38,0.07,0.41,0.34,0.07,0.0,0.47,0.08,0.0,0.05,0.14,0.37,0.0,0.0,0.0,0.0,0.0,1.0,0.0,0.0,0.0,0.0,0.0,0.0,0.0,0.0,0.0,0.0,0.0,1.0
0.004253,0.237096,-0.971477,-0.18503,0.184467,-0.965265,-0.093,0.214,-18.8,73.1,459.4,0.082,0.109,0.06,0.0,0.0,0.84,0.0,0.5,1.5,0.08,0.44,0.34,0.05,0.0,0.44,0.08,0.0,0.05,0.17,0.4,0.0,0.0,0.0,0.0,0.0,1.0,0.0,0.0,0.0,0.0,0.0,0.0,0.0,0.0,0.0,0.0,0.0,1.0
0.007482,0.217649,-0.975999,-0.185663,0.171469,-0.967537,-0.091,0.198,-18.8,73.1,459.4,0.079,0.106,0.061,0.0,0.0,0.98,0.0,0.51,1.68,0.1,0.48,0.31,0.01,0.0,0.46,0.1,0.0,0.02,0.17,0.38,0.0,0.0,0.0,0.0,0.0,1.0,0.0,0.0,0.0,0.0,0.0,0.0,0.0,0.0,0.0,0.0,0.0,1.0
0.010627,0.219863,-0.975473,-0.188138,0.173222,-0.966746,-0.091,0.2,-18.8,73.1,459.3,0.079,0.106,0.062,0.0,0.0,1.04,0.0,0.5,1.75,0.13,0.43,0.32,0.01,0.0,0.42,0.11,0.0,0.05,0.19,0.41,0.0,0.0,0.0,0.0,0.0,1.0,0.0,0.0,0.0,0.0,0.0,0.0,0.0,0.0,0.0,0.0,0.0,1.0
0.006347,0.216445,-0.976274,-0.179715,0.178613,-0.967368,-0.089,0.201,-18.8,73.2,459.7,0.083,0.107,0.062,0.0,0.0,1.02,0.0,0.45,1.6,0.13,0.37,0.29,0.01,0.0,0.36,0.14,0.0,0.11,0.21,0.45,0.0,0.0,0.0,0.0,0.0,1.0,0.0,0.0,0.0,0.0,0.0,0.0,0.0,0.0,0.0,0.0,0.0,1.0
0.020392,0.220814,-0.975103,-0.169172,0.164752,-0.971719,-0.076,0.196,-18.8,73.4,460.3,0.083,0.107,0.063,0.0,0.0,0.99,0.0,0.4,1.59,0.13,0.36,0.28,0.02,0.02,0.33,0.06,0.0,0.14,0.19,0.6,0.0,0.0,0.0,0.0,0.0,1.0,0.0,0.0,0.0,0.0,0.0,0.0,0.0,0.0,0.0,0.0,0.0,1.0
0.030441,0.243744,-0.969362,-0.179266,0.17883,-0.967411,-0.077,0.215,-18.6,73.4,459.5,0.087,0.109,0.061,0.1,0.07,0.97,0.0,0.3,1.35,0.05,0.33,0.23,0.02,0.07,0.36,0.17,0.0,0.17,0.05,1.09,0.0,0.0,0.0,0.0,0.0,1.0,0.0,0.0,0.0,0.0,0.0,0.0,0.0,0.0,0.0,0.0,0.0,1.0
0.028712,0.319579,-0.947124,-0.195084,0.283981,-0.938774,-0.088,0.31,-19.5,74.6,463.6,0.089,0.119,0.063,0.39,0.25,0.91,0.0,0.19,1.11,0.03,0.24,0.18,0.02,0.09,0.25,0.11,0.0,0.34,0.07,1.58,0.0,0.0,0.0,0.0,0.0,1.0,0.0,0.0,0.0,0.0,0.0,0.0,0.0,0.0,0.0,0.0,0.0,1.0
0.067244,0.339358,-0.938251,-0.125878,0.316411,-0.940233,-0.031,0.336,-19.9,75.7,465.3,0.103,0.135,0.071,0.59,0.37,0.87,0.0,0.12,0.69,0.0,0.2,0.15,0.0,0.13,0.12,0.11,0.0,0.65,0.14,1.87,0.0,0.0,0.0,0.0,0.0,1.0,0.0,0.0,0.0,0.0,0.0,0.0,0.0,0.0,1.0,0.0,0.0,1.0
0.049784,0.319317,-0.94634,-0.136704,0.31939,-0.937711,-0.046,0.327,-20.0,75.3,462.9,0.092,0.13,0.078,0.65,0.5,0.71,0.0,0.1,0.64,0.0,0.21,0.11,0.0,0.14,0.0,0.0,0.0,0.81,0.29,1.62,0.0,0.0,0.0,0.0,0.0,1.0,0.0,0.0,0.0,0.0,0.0,0.0,0.0,0.0,1.0,1.0,0.0,1.0
0.013889,0.303729,-0.952657,-0.168659,0.320872,-0.931985,-0.082,0.32,-19.8,74.5,458.6,0.091,0.123,0.08,0.43,0.43,0.63,0.05,0.17,0.84,0.0,0.27,0.13,0.0,0.12,0.0,0.0,0.0,0.76,0.48,1.31,0.0,0.0,0.0,0.0,0.0,1.0,0.0,0.0,0.0,0.0,0.0,0.0,0.0,0.0,1.0,1.0,0.0,1.0
0.042953,0.285881,-0.957302,-0.149625,0.273976,-0.950026,-0.056,0.286,-19.8,74.2,457.5,0.091,0.123,0.081,0.28,0.47,0.6,0.05,0.16,1.03,0.0,0.22,0.08,0.0,0.07,0.0,0.0,0.06,0.61,0.61,0.96,0.0,0.0,0.0,0.0,0.0,1.0,0.0,0.0,0.0,0.0,0.0,0.0,0.0,0.0,1.0,1.0,0.0,1.0
0.047082,0.292143,-0.955215,-0.191397,0.207809,-0.959262,-0.075,0.255,-19.5,73.8,455.7,0.101,0.128,0.081,0.12,0.32,0.68,0.05,0.15,1.12,0.0,0.2,0.08,0.0,0.06,0.01,0.0,0.15,0.52,0.75,0.75,0.0,0.0,0.0,0.0,0.0,1.0,0.0,0.0,0.0,0.0,0.0,0.0,0.0,0.0,1.0,1.0,0.0,1.0
0.040413,0.29274,-0.955338,-0.212048,0.206112,-0.955277,-0.09,0.255,-19.4,73.5,454.2,0.099,0.125,0.081,0.11,0.39,0.65,0.0,0.09,0.97,0.0,0.13,0.03,0.0,0.18,0.01,0.0,0.26,0.59,0.78,0.52,0.0,0.0,0.0,0.0,0.0,1.0,0.0,0.0,0.0,0.0,0.0,0.0,0.0,0.0,1.0,1.0,0.0,1.0
0.00249,0.31709,-0.948392,-0.142924,0.206075,-0.968042,-0.073,0.266,-19.3,73.3,452.6,0.102,0.127,0.083,0.17,0.45,0.55,0.0,0.08,1.01,0.0,0.18,0.02,0.0,0.19,0.01,0.0,0.29,0.59,0.86,0.39,0.0,0.0,0.0,0.0,0.0,1.0,0.0,0.0,0.0,0.0,0.0,0.0,0.0,0.0,1.0,1.0,0.0,1.0
-0.012081,0.310346,-0.950547,-0.171713,0.199025,-0.964833,-0.096,0.26,-19.3,73.3,452.2,0.103,0.13,0.082,0.23,0.58,0.55,0.0,0.11,1.09,0.0,0.17,0.0,0.0,0.18,0.0,0.0,0.27,0.62,0.75,0.23,0.0,0.0,0.0,0.0,0.0,1.0,0.0,0.0,0.0,0.0,0.0,0.0,0.0,0.0,1.0,1.0,0.0,1.0
0.002766,0.286626,-0.958039,-0.199772,0.194359,-0.960373,-0.102,0.246,-19.4,73.5,453.2,0.107,0.128,0.082,0.17,0.43,0.56,0.0,0.15,1.08,0.0,0.23,0.0,0.0,0.08,0.0,0.0,0.27,0.62,0.66,0.18,0.0,0.0,0.0,0.0,0.0,1.0,0.0,0.0,0.0,0.0,0.0,0.0,0.0,0.0,1.0,1.0,0.0,1.0
-0.002722,0.28848,-0.957482,-0.184635,0.221607,-0.957497,-0.098,0.26,-19.3,73.4,452.8,0.097,0.128,0.08,0.1,0.32,0.54,0.0,0.17,1.08,0.0,0.28,0.05,0.0,0.15,0.03,0.0,0.28,0.65,0.57,0.14,0.0,0.0,0.0,0.0,0.0,1.0,0.0,0.0,0.0,0.0,0.0,0.0,0.0,0.0,1.0,1.0,0.0,1.0
-0.014522,0.308242,-0.951197,-0.188342,0.219536,-0.957252,-0.106,0.27,-19.1,73.3,451.8,0.101,0.129,0.082,0.07,0.2,0.41,0.0,0.16,0.99,0.0,0.31,0.05,0.0,0.18,0.03,0.0,0.3,0.74,0.59,0.14,0.0,0.0,0.0,0.0,0.0,1.0,0.0,0.0,0.0,0.0,0.0,0.0,0.0,0.0,1.0,1.0,0.0,1.0
-0.012096,0.297289,-0.954711,-0.183896,0.214247,-0.959312,-0.102,0.261,-19.1,73.0,450.7,0.094,0.12,0.083,0.08,0.15,0.38,0.0,0.13,1.11,0.0,0.27,0.05,0.0,0.19,0.03,0.0,0.32,0.74,0.63,0.14,0.0,0.0,0.0,0.0,0.0,1.0,0.0,0.0,0.0,0.0,0.0,0.0,0.0,0.0,1.0,1.0,0.0,1.0
0.041433,0.310468,-0.94968,-0.184339,0.229075,-0.955795,-0.075,0.276,-19.0,72.9,450.3,0.09,0.117,0.084,0.2,0.1,0.46,0.0,0.1,1.23,0.0,0.11,0.05,0.0,0.22,0.01,0.0,0.22,0.64,0.69,0.16,0.0,0.0,0.0,0.0,0.0,1.0,0.0,0.0,0.0,0.0,0.0,0.0,0.0,0.0,1.0,1.0,0.0,1.0
0.049006,0.294495,-0.954396,-0.207421,0.213599,-0.954648,-0.083,0.26,-17.9,72.6,450.2,0.101,0.114,0.073,0.16,0.17,0.45,0.0,0.1,1.39,0.01,0.07,0.08,0.0,0.21,0.06,0.0,0.13,0.54,0.62,0.16,0.0,0.0,0.0,0.0,0.0,1.0,0.0,0.0,0.0,0.0,0.0,0.0,0.0,0.0,1.0,1.0,0.0,1.0
0.056927,0.324002,-0.944342,-0.16396,0.217363,-0.962222,-0.056,0.277,-18.3,72.2,448.0,0.107,0.121,0.073,0.18,0.17,0.51,0.0,0.12,1.42,0.01,0.02,0.08,0.0,0.31,0.06,0.01,0.07,0.46,0.7,0.12,0.0,0.0,0.0,0.0,0.0,1.0,0.0,0.0,0.0,0.0,0.0,0.0,0.0,0.0,1.0,1.0,0.0,1.0
0.028832,0.300223,-0.953433,-0.136906,0.21731,-0.966454,-0.056,0.263,-18.7,73.0,451.7,0.1,0.126,0.079,0.01,0.11,0.44,0.0,0.16,1.49,0.01,0.16,0.03,0.0,0.32,0.05,0.01,0.15,0.56,0.72,0.09,0.0,0.0,0.0,0.0,0.0,1.0,0.0,0.0,0.0,0.0,0.0,0.0,0.0,0.0,1.0,1.0,0.0,1.0
0.018843,0.285134,-0.958302,-0.134832,0.219595,-0.966229,-0.06,0.256,-18.8,73.4,453.0,0.095,0.122,0.083,0.09,0.07,0.38,0.0,0.12,1.51,0.0,0.13,0.0,0.0,0.4,0.0,0.01,0.32,0.58,0.85,0.12,0.0,0.0,0.0,0.0,0.0,1.0,0.0,0.0,0.0,0.0,0.0,0.0,0.0,0.0,1.0,0.0,0.0,1.0
0.010347,0.294087,-0.955723,-0.158289,0.238434,-0.958172,-0.077,0.271,-18.6,72.7,449.3,0.087,0.113,0.084,0.24,0.14,0.34,0.0,0.1,1.71,0.0,0.16,0.04,0.0,0.34,0.03,0.0,0.25,0.43,0.82,0.12,0.0,0.0,0.0,0.0,0.0,1.0,0.0,0.0,0.0,0.0,0.0,0.0,0.0,0.0,1.0,0.0,0.0,1.0
-0.020735,0.283774,-0.958667,-0.139842,0.228465,-0.963456,-0.083,0.26,-17.6,72.3,447.7,0.092,0.107,0.074,0.41,0.23,0.3,0.0,0.05,1.67,0.0,0.03,0.08,0.0,0.22,0.03,0.0,0.17,0.34,0.76,0.16,0.0,0.0,0.0,0.0,0.0,1.0,0.0,0.0,0.0,0.0,0.0,0.0,0.0,0.0,1.0,1.0,0.0,1.0
-0.030145,0.292589,-0.955763,-0.145362,0.214789,-0.965782,-0.091,0.258,-17.5,72.4,448.9,0.114,0.117,0.071,0.35,0.16,0.42,0.0,0.09,1.62,0.0,0.11,0.09,0.0,0.17,0.03,0.0,0.0,0.38,0.57,0.27,0.0,0.0,0.0,0.0,0.0,1.0,0.0,0.0,0.0,0.0,0.0,0.0,0.0,0.0,1.0,1.0,0.0,1.0
-0.015035,0.306166,-0.951859,-0.192735,0.218124,-0.9567,-0.108,0.268,-18.0,72.2,447.7,0.113,0.122,0.07,0.21,0.15,0.43,0.0,0.05,1.51,0.0,0.12,0.05,0.0,0.21,0.0,0.0,0.04,0.68,0.57,0.28,0.0,0.0,0.0,0.0,0.0,1.0,0.0,0.0,0.0,0.0,0.0,0.0,0.0,0.0,1.0,1.0,0.0,1.0
-0.023385,0.30127,-0.953252,-0.164226,0.217974,-0.962038,-0.098,0.265,-18.5,73.1,450.3,0.105,0.127,0.078,0.03,0.08,0.44,0.0,0.09,1.44,0.0,0.17,0.03,0.0,0.28,0.01,0.0,0.14,0.83,0.7,0.27,0.0,0.0,0.0,0.0,0.0,1.0,0.0,0.0,0.0,0.0,0.0,0.0,0.0,0.0,1.0,1.0,0.0,1.0
-0.023932,0.299442,-0.953814,-0.147558,0.231474,-0.961585,-0.089,0.27,-18.7,73.5,452.6,0.101,0.12,0.083,0.03,0.09,0.42,0.0,0.06,1.34,0.0,0.17,0.02,0.0,0.26,0.02,0.0,0.26,0.79,0.93,0.17,0.0,0.0,0.0,0.0,0.0,1.0,0.0,0.0,0.0,0.0,0.0,0.0,0.0,0.0,1.0,1.0,0.0,1.0
-0.023191,0.298525,-0.95412,-0.126754,0.227696,-0.965447,-0.078,0.268,-18.7,73.5,452.1,0.1,0.124,0.084,0.11,0.17,0.45,0.0,0.1,1.26,0.0,0.2,0.04,0.0,0.26,0.02,0.0,0.33,0.66,0.95,0.16,0.0,0.0,0.0,0.0,0.0,1.0,0.0,0.0,0.0,0.0,0.0,0.0,0.0,0.0,1.0,1.0,0.0,1.0
-0.02796,0.287428,-0.957394,-0.132029,0.225854,-0.965173,-0.083,0.261,-18.8,73.4,452.0,0.094,0.122,0.086,0.2,0.18,0.42,0.0,0.06,1.26,0.0,0.19,0.04,0.0,0.22,0.01,0.0,0.35,0.58,0.95,0.13,0.0,0.0,0.0,0.0,0.0,1.0,0.0,0.0,0.0,0.0,0.0,0.0,0.0,0.0,1.0,1.0,0.0,1.0
-0.00457,0.292371,-0.956294,-0.109773,0.222926,-0.968635,-0.059,0.262,-18.9,73.3,451.3,0.1,0.125,0.085,0.26,0.2,0.44,0.0,0.08,1.33,0.0,0.17,0.04,0.0,0.24,0.03,0.0,0.35,0.54,0.98,0.09,0.0,0.0,0.0,0.0,0.0,1.0,0.0,0.0,0.0,0.0,0.0,0.0,0.0,0.0,1.0,1.0,0.0,1.0
0.018933,0.293327,-0.955825,-0.090958,0.240238,-0.966443,-0.037,0.271,-18.8,73.2,451.0,0.095,0.118,0.083,0.33,0.31,0.48,0.0,0.04,1.41,0.0,0.1,0.06,0.0,0.27,0.03,0.0,0.24,0.47,0.99,0.16,0.0,0.0,0.0,0.0,0.0,1.0,0.0,0.0,0.0,0.0,0.0,0.0,0.0,0.0,1.0,1.0,0.0,1.0
-0.028039,0.284728,-0.958198,-0.112987,0.205629,-0.972086,-0.073,0.249,-17.9,73.0,450.5,0.111,0.12,0.075,0.28,0.42,0.53,0.0,0.04,1.34,0.0,0.12,0.08,0.0,0.3,0.03,0.0,0.12,0.44,0.8,0.27,0.0,0.0,0.0,0.0,0.0,1.0,0.0,0.0,0.0,0.0,0.0,0.0,0.0,0.0,1.0,1.0,0.0,1.0
-0.011519,0.291428,-0.956523,-0.120691,0.225244,-0.966798,-0.069,0.262,-18.3,72.8,449.8,0.108,0.126,0.073,0.26,0.53,0.49,0.0,0.0,1.18,0.0,0.1,0.1,0.0,0.38,0.0,0.0,0.1,0.52,0.79,0.25,0.0,0.0,0.0,0.0,0.0,1.0,0.0,0.0,0.0,0.0,0.0,0.0,0.0,0.0,1.0,1.0,0.0,1.0
-0.007561,0.294541,-0.955609,-0.17059,0.208718,-0.962983,-0.093,0.257,-18.8,73.3,450.7,0.097,0.123,0.081,0.17,0.39,0.46,0.0,0.02,1.09,0.0,0.16,0.06,0.03,0.36,0.0,0.0,0.25,0.62,0.8,0.12,0.0,0.0,0.0,0.0,0.0,1.0,0.0,0.0,0.0,0.0,0.0,0.0,0.0,0.0,1.0,1.0,0.0,1.0
0.022154,0.28482,-0.958325,-0.160673,0.218922,-0.962423,-0.072,0.256,-18.8,73.4,450.7,0.091,0.119,0.084,0.3,0.46,0.53,0.0,0.02,1.08,0.0,0.1,0.04,0.05,0.46,0.05,0.0,0.3,0.62,0.99,0.02,0.0,0.0,0.0,0.0,0.0,1.0,0.0,0.0,0.0,0.0,0.0,0.0,0.0,0.0,1.0,0.0,0.0,1.0
-0.021796,0.279984,-0.959757,-0.143607,0.215609,-0.965862,-0.086,0.252,-17.9,72.9,449.7,0.105,0.115,0.075,0.31,0.47,0.56,0.0,0.02,1.14,0.0,0.16,0.03,0.05,0.33,0.06,0.0,0.2,0.57,0.89,0.07,0.0,0.0,0.0,0.0,0.0,1.0,0.0,0.0,0.0,0.0,0.0,0.0,0.0,0.0,1.0,0.0,0.0,1.0
0.013369,0.28065,-0.959717,-0.141066,0.214136,-0.966564,-0.066,0.251,-18.3,72.7,448.7,0.108,0.122,0.069,0.27,0.41,0.51,0.0,0.0,1.15,0.0,0.18,0.05,0.01,0.34,0.09,0.03,0.11,0.56,0.78,0.07,0.0,0.0,0.0,0.0,0.0,1.0,0.0,0.0,0.0,0.0,0.0,0.0,0.0,0.0,1.0,1.0,0.0,1.0
-0.014997,0.285907,-0.95814,-0.157972,0.219383,-0.962765,-0.09,0.257,-18.6,72.7,448.4,0.092,0.118,0.079,0.13,0.2,0.48,0.0,0.03,1.16,0.0,0.29,0.06,0.0,0.18,0.06,0.03,0.06,0.52,0.51,0.06,0.0,0.0,0.0,0.0,0.0,1.0,0.0,0.0,0.0,0.0,0.0,0.0,0.0,0.0,1.0,1.0,0.0,1.0
0.002776,0.281487,-0.959561,-0.15364,0.204963,-0.966636,-0.078,0.247,-18.3,73.4,451.7,0.104,0.119,0.071,0.12,0.13,0.41,0.0,0.03,1.2,0.0,0.24,0.1,0.0,0.24,0.04,0.03,0.14,0.58,0.59,0.01,0.0,0.0,0.0,0.0,0.0,1.0,0.0,0.0,0.0,0.0,0.0,0.0,0.0,0.0,1.0,1.0,0.0,1.0
-0.020462,0.275552,-0.961068,-0.163465,0.197674,-0.966542,-0.095,0.241,-18.7,73.5,452.0,0.096,0.12,0.081,0.07,0.21,0.42,0.0,0.05,1.26,0.0,0.26,0.11,0.0,0.15,0.02,0.0,0.2,0.61,0.55,0.01,0.0,0.0,0.0,0.0,0.0,1.0,0.0,0.0,0.0,0.0,0.0,0.0,0.0,0.0,1.0,0.0,0.0,1.0
-0.025379,0.255842,-0.966385,-0.14246,0.199404,-0.969507,-0.086,0.231,-18.7,73.4,450.7,0.082,0.109,0.084,0.28,0.39,0.44,0.0,0.02,1.37,0.0,0.16,0.14,0.0,0.22,0.05,0.0,0.23,0.6,0.73,0.05,0.0,0.0,0.0,0.0,0.0,1.0,0.0,0.0,0.0,0.0,0.0,0.0,0.0,0.0,1.0,1.0,0.0,1.0
-0.013962,0.253651,-0.967195,-0.117493,0.19412,-0.973916,-0.068,0.227,-18.0,73.9,454.1,0.093,0.108,0.081,0.3,0.42,0.54,0.0,0.02,1.46,0.0,0.18,0.14,0.0,0.27,0.06,0.0,0.15,0.53,0.57,0.11,0.0,0.0,0.0,0.0,0.0,1.0,0.0,0.0,0.0,0.0,0.0,0.0,0.0,0.0,1.0,1.0,0.0,1.0
-0.024959,0.276248,-0.960762,-0.127147,0.204653,-0.970542,-0.079,0.244,-18.2,73.7,453.0,0.099,0.12,0.075,0.29,0.44,0.53,0.0,0.0,1.38,0.0,0.17,0.13,0.0,0.36,0.11,0.0,0.1,0.48,0.62,0.13,0.0,0.0,0.0,0.0,0.0,1.0,0.0,0.0,0.0,0.0,0.0,0.0,0.0,0.0,1.0,1.0,0.0,1.0
-0.022375,0.273414,-0.961636,-0.165711,0.199156,-0.965855,-0.097,0.24,-18.6,74.1,453.7,0.095,0.124,0.083,0.11,0.42,0.49,0.0,0.01,1.43,0.0,0.22,0.09,0.0,0.33,0.11,0.0,0.18,0.58,0.75,0.15,0.0,0.0,0.0,0.0,0.0,1.0,0.0,0.0,0.0,0.0,0.0,0.0,0.0,0.0,1.0,1.0,0.0,1.0
-0.029603,0.268973,-0.962693,-0.170933,0.18769,-0.967241,-0.104,0.232,-18.6,73.8,451.9,0.089,0.122,0.086,0.16,0.44,0.41,0.0,0.02,1.34,0.0,0.17,0.11,0.0,0.33,0.1,0.0,0.27,0.69,0.93,0.09,0.0,0.0,0.0,0.0,0.0,1.0,0.0,0.0,0.0,0.0,0.0,0.0,0.0,0.0,1.0,1.0,0.0,1.0
-0.034416,0.269836,-0.962291,-0.173819,0.20499,-0.963206,-0.108,0.242,-18.5,73.8,452.0,0.098,0.128,0.084,0.26,0.36,0.39,0.0,0.02,1.41,0.0,0.11,0.09,0.0,0.3,0.05,0.0,0.32,0.76,1.04,0.07,0.0,0.0,0.0,0.0,0.0,1.0,0.0,0.0,0.0,0.0,0.0,0.0,0.0,0.0,1.0,1.0,0.0,1.0
0.017085,0.251609,-0.967678,-0.123237,0.174587,-0.976899,-0.055,0.216,-18.3,73.8,451.6,0.105,0.124,0.083,0.24,0.24,0.35,0.0,0.01,1.18,0.0,0.05,0.08,0.0,0.34,0.0,0.0,0.31,0.77,0.95,0.0,0.0,0.0,0.0,0.0,0.0,1.0,0.0,0.0,0.0,0.0,0.0,0.0,0.0,0.0,1.0,1.0,0.0,1.0
-0.003886,0.281622,-0.959518,-0.148807,0.19902,-0.968632,-0.079,0.244,-18.1,73.9,451.6,0.101,0.123,0.082,0.13,0.23,0.36,0.0,0.05,1.14,0.0,0.06,0.06,0.0,0.35,0.0,0.0,0.34,0.77,0.91,0.0,0.0,0.0,0.0,0.0,0.0,1.0,0.0,0.0,0.0,0.0,0.0,0.0,0.0,0.0,1.0,1.0,0.0,1.0
0.000718,0.282453,-0.959281,-0.166699,0.200338,-0.965441,-0.086,0.246,-17.8,73.6,450.2,0.097,0.118,0.084,0.24,0.38,0.37,0.0,0.05,0.99,0.0,0.03,0.05,0.0,0.41,0.0,0.0,0.22,0.59,0.78,0.0,0.0,0.0,0.0,0.0,0.0,1.0,0.0,0.0,0.0,0.0,0.0,0.0,0.0,0.0,1.0,1.0,0.0,1.0
-0.0321,0.270338,-0.96223,-0.159938,0.19586,-0.967501,-0.099,0.237,-17.0,74.1,453.8,0.098,0.113,0.081,0.37,0.49,0.41,0.0,0.08,1.06,0.0,0.03,0.09,0.0,0.35,0.0,0.0,0.12,0.43,0.72,0.0,0.0,0.0,0.0,0.0,0.0,1.0,0.0,0.0,0.0,0.0,0.0,0.0,0.0,0.0,1.0,0.0,0.0,0.0
-0.031079,0.271728,-0.961872,-0.144541,0.190701,-0.970949,-0.091,0.235,-16.7,73.8,453.0,0.106,0.119,0.076,0.47,0.37,0.5,0.0,0.08,1.18,0.0,0.0,0.16,0.0,0.22,0.05,0.0,0.0,0.28,0.61,0.11,0.0,0.0,0.0,0.0,0.0,1.0,0.0,0.0,0.0,0.0,0.0,0.0,0.0,0.0,0.0,0.0,0.0,0.0
-0.027201,0.263526,-0.964269,-0.124402,0.177871,-0.976159,-0.078,0.224,-16.6,73.7,453.6,0.11,0.117,0.071,0.26,0.16,0.68,0.0,0.19,1.45,0.04,0.05,0.25,0.0,0.07,0.11,0.05,0.0,0.29,0.38,0.24,0.0,0.0,0.0,0.0,0.0,1.0,0.0,0.0,0.0,0.0,0.0,0.0,0.0,0.0,0.0,0.0,0.0,0.0
-0.017685,0.229737,-0.973092,-0.091787,0.145731,-0.985057,-0.056,0.189,-16.8,74.4,458.7,0.092,0.106,0.069,0.1,0.0,0.81,0.0,0.3,1.69,0.06,0.1,0.29,0.0,0.01,0.2,0.15,0.0,0.24,0.15,0.27,0.0,0.0,0.0,0.0,0.0,1.0,0.0,0.0,0.0,0.0,0.0,0.0,0.0,0.0,0.0,0.0,0.0,0.0
-0.060592,0.24952,-0.966472,-0.102185,0.185061,-0.9774,-0.084,0.22,-16.6,74.2,457.5,0.097,0.106,0.069,0.0,0.0,0.88,0.0,0.41,1.8,0.12,0.18,0.31,0.01,0.0,0.28,0.15,0.0,0.15,0.0,0.25,0.0,0.0,0.0,0.0,0.0,1.0,0.0,0.0,0.0,0.0,0.0,0.0,0.0,0.0,0.0,0.0,0.0,0.0
-0.043233,0.242788,-0.969115,-0.112958,0.194915,-0.974294,-0.08,0.222,-16.5,74.4,459.1,0.096,0.112,0.066,0.0,0.0,0.86,0.0,0.41,1.79,0.13,0.22,0.28,0.03,0.0,0.27,0.21,0.0,0.09,0.02,0.22,0.0,0.0,0.0,0.0,0.0,1.0,0.0,0.0,0.0,0.0,0.0,0.0,0.0,0.0,0.0,0.0,0.0,0.0
-0.018238,0.267631,-0.963349,-0.082412,0.215637,-0.97299,-0.052,0.245,-16.3,73.6,455.2,0.093,0.103,0.069,0.0,0.0,0.88,0.0,0.39,1.63,0.17,0.3,0.28,0.05,0.0,0.22,0.15,0.0,0.12,0.03,0.35,0.0,0.0,0.0,0.0,0.0,1.0,0.0,0.0,0.0,0.0,0.0,0.0,0.0,0.0,0.0,0.0,0.0,0.0
-0.031893,0.284972,-0.958005,-0.100334,0.204545,-0.973701,-0.068,0.248,-16.3,74.1,458.2,0.103,0.115,0.068,0.0,0.0,0.75,0.0,0.31,1.54,0.1,0.23,0.18,0.04,0.14,0.13,0.15,0.0,0.22,0.27,0.26,0.0,0.0,0.0,0.0,0.0,1.0,0.0,0.0,0.0,0.0,0.0,0.0,0.0,0.0,0.0,0.0,0.0,0.0
-0.015623,0.283538,-0.958834,-0.120857,0.217783,-0.968485,-0.071,0.254,-16.7,73.9,453.3,0.111,0.124,0.077,0.0,0.23,0.51,0.0,0.22,1.41,0.06,0.18,0.15,0.02,0.14,0.1,0.06,0.08,0.41,0.56,0.16,0.0,0.0,0.0,0.0,0.0,1.0,0.0,0.0,0.0,0.0,0.0,0.0,0.0,0.0,0.0,0.0,0.0,0.0
-0.005429,0.269993,-0.962847,-0.105088,0.206042,-0.972884,-0.057,0.241,-16.8,74.1,452.9,0.097,0.126,0.084,0.0,0.35,0.24,0.0,0.11,1.44,0.0,0.08,0.1,0.0,0.17,0.11,0.01,0.21,0.54,0.75,0.0,0.0,0.0,0.0,0.0,0.0,1.0,0.0,0.0,0.0,0.0,0.0,0.0,0.0,0.0,0.0,0.0,0.0,0.0
-0.022736,0.28229,-0.95906,-0.117535,0.212579,-0.970049,-0.073,0.251,-16.7,74.1,452.4,0.088,0.115,0.088,0.05,0.38,0.28,0.0,0.03,1.56,0.0,0.13,0.11,0.0,0.03,0.07,0.01,0.21,0.51,0.73,0.0,0.0,0.0,0.0,0.0,0.0,1.0,0.0,0.0,0.0,0.0,0.0,0.0,0.0,0.0,0.0,0.0,0.0,0.0
-0.047742,0.274067,-0.960525,-0.132954,0.220243,-0.966342,-0.094,0.251,-15.9,73.9,453.8,0.084,0.104,0.08,0.05,0.16,0.44,0.0,0.04,1.55,0.0,0.19,0.16,0.07,0.03,0.13,0.0,0.13,0.32,0.59,0.13,0.0,0.0,0.0,0.0,0.0,1.0,0.0,0.0,0.0,0.0,0.0,0.0,0.0,0.0,0.0,0.0,0.0,0.0
-0.023805,0.23955,-0.970592,-0.081256,0.190748,-0.97827,-0.054,0.217,-15.9,73.7,454.1,0.075,0.099,0.076,0.05,0.04,0.72,0.0,0.08,1.51,0.09,0.31,0.21,0.07,0.0,0.2,0.0,0.0,0.25,0.54,0.2,0.0,0.0,0.0,0.0,0.0,1.0,0.0,0.0,0.0,0.0,0.0,0.0,0.0,0.0,0.0,0.0,0.0,0.0
-0.057672,0.252903,-0.965771,-0.070096,0.240228,-0.968182,-0.066,0.25,-16.0,73.8,456.2,0.078,0.1,0.071,0.0,0.0,0.82,0.0,0.16,1.34,0.17,0.36,0.27,0.07,0.0,0.25,0.0,0.0,0.16,0.38,0.2,0.0,0.0,0.0,0.0,0.0,1.0,0.0,0.0,0.0,0.0,0.0,0.0,0.0,0.0,0.0,0.0,0.0,0.0
-0.059233,0.26985,-0.961079,-0.106529,0.205355,-0.972872,-0.086,0.241,-16.0,73.6,456.2,0.082,0.101,0.07,0.0,0.0,0.86,0.0,0.21,1.43,0.2,0.39,0.28,0.0,0.0,0.23,0.0,0.0,0.12,0.26,0.17,0.0,0.0,0.0,0.0,0.0,1.0,0.0,0.0,0.0,0.0,0.0,0.0,0.0,0.0,0.0,0.0,0.0,0.0
-0.049131,0.270861,-0.961364,-0.097084,0.204721,-0.973994,-0.075,0.241,-16.0,73.6,455.9,0.087,0.102,0.07,0.0,0.0,0.75,0.0,0.24,1.59,0.11,0.33,0.27,0.0,0.0,0.22,0.0,0.0,0.01,0.18,0.19,0.0,0.0,0.0,0.0,0.0,1.0,0.0,0.0,0.0,0.0,0.0,0.0,0.0,0.0,0.0,0.0,0.0,0.0
-0.044411,0.279377,-0.959154,-0.117759,0.197865,-0.97313,-0.084,0.242,-16.1,73.2,454.4,0.082,0.098,0.072,0.0,0.0,0.71,0.0,0.25,1.72,0.03,0.35,0.27,0.05,0.0,0.25,0.03,0.0,0.0,0.13,0.28,0.0,0.0,0.0,0.0,0.0,1.0,0.0,0.0,0.0,0.0,0.0,0.0,0.0,0.0,0.0,0.0,0.0,0.0
-0.038358,0.271624,-0.961639,-0.116921,0.185531,-0.975658,-0.08,0.232,-16.1,73.2,454.5,0.08,0.096,0.073,0.03,0.0,0.74,0.0,0.27,1.84,0.05,0.36,0.24,0.07,0.03,0.32,0.06,0.0,0.0,0.08,0.26,0.0,0.0,0.0,0.0,0.0,1.0,0.0,0.0,0.0,0.0,0.0,0.0,0.0,0.0,0.0,0.0,0.0,0.0
-0.019108,0.258583,-0.9658,-0.121468,0.169541,-0.978009,-0.072,0.217,-16.0,73.3,454.7,0.081,0.097,0.071,0.03,0.0,0.86,0.0,0.3,1.89,0.06,0.39,0.26,0.1,0.03,0.33,0.11,0.0,0.01,0.06,0.27,0.0,0.0,0.0,0.0,0.0,1.0,0.0,0.0,0.0,0.0,0.0,0.0,0.0,0.0,0.0,0.0,0.0,0.0
0.003116,0.256683,-0.966491,-0.100821,0.1648,-0.981161,-0.05,0.213,-16.2,73.6,456.1,0.083,0.096,0.071,0.03,0.0,0.89,0.0,0.33,1.87,0.07,0.39,0.27,0.06,0.03,0.38,0.09,0.0,0.01,0.13,0.28,0.0,0.0,0.0,0.0,0.0,1.0,0.0,0.0,0.0,0.0,0.0,0.0,0.0,0.0,0.0,0.0,0.0,0.0
-0.015826,0.266744,-0.963638,-0.100122,0.169531,-0.980426,-0.06,0.221,-16.2,73.7,457.2,0.089,0.104,0.07,0.04,0.0,0.88,0.0,0.36,1.73,0.05,0.4,0.29,0.08,0.04,0.36,0.08,0.0,0.03,0.14,0.31,0.0,0.0,0.0,0.0,0.0,1.0,0.0,0.0,0.0,0.0,0.0,0.0,0.0,0.0,0.0,0.0,0.0,0.0
0.003405,0.225377,-0.974266,-0.087392,0.138303,-0.986527,-0.043,0.183,-16.3,74.2,459.0,0.092,0.109,0.07,0.06,0.0,0.82,0.0,0.33,1.57,0.03,0.4,0.3,0.12,0.04,0.34,0.05,0.0,0.06,0.15,0.3,0.0,0.0,0.0,0.0,0.0,1.0,0.0,0.0,0.0,0.0,0.0,0.0,0.0,0.0,0.0,0.0,0.0,0.0
-0.018802,0.234128,-0.972024,-0.080909,0.155312,-0.984547,-0.051,0.196,-16.1,74.0,457.7,0.091,0.103,0.069,0.11,0.0,0.8,0.0,0.29,1.47,0.04,0.34,0.35,0.12,0.08,0.32,0.06,0.0,0.06,0.08,0.24,0.0,0.0,0.0,0.0,0.0,1.0,0.0,0.0,0.0,0.0,0.0,0.0,0.0,0.0,0.0,0.0,0.0,0.0
0.021773,0.218669,-0.975556,-0.11064,0.156766,-0.981419,-0.045,0.19,-16.2,74.4,459.8,0.098,0.109,0.068,0.11,0.0,0.74,0.0,0.24,1.41,0.02,0.32,0.35,0.11,0.06,0.27,0.04,0.0,0.08,0.06,0.34,0.0,0.0,0.0,0.0,0.0,1.0,0.0,0.0,0.0,0.0,0.0,0.0,0.0,0.0,0.0,0.0,0.0,0.0
0.019179,0.238492,-0.970955,-0.138701,0.172473,-0.9752,-0.061,0.208,-16.1,73.8,457.5,0.094,0.105,0.067,0.12,0.0,0.71,0.0,0.26,1.25,0.02,0.29,0.36,0.04,0.06,0.33,0.07,0.0,0.15,0.0,0.39,0.0,0.0,0.0,0.0,0.0,1.0,0.0,0.0,0.0,0.0,0.0,0.0,0.0,0.0,0.0,0.0,0.0,0.0
0.022108,0.227435,-0.973542,-0.103173,0.161126,-0.981526,-0.041,0.196,-16.3,74.4,460.2,0.104,0.115,0.067,0.08,0.0,0.47,0.0,0.24,1.2,0.01,0.35,0.26,0.03,0.08,0.27,0.11,0.0,0.24,0.06,0.45,0.0,0.0,0.0,0.0,0.0,1.0,0.0,0.0,0.0,0.0,0.0,0.0,0.0,0.0,0.0,0.0,0.0,0.0
-0.027984,0.270985,-0.962177,-0.176667,0.192161,-0.96533,-0.106,0.236,-16.6,73.3,451.6,0.101,0.117,0.077,0.15,0.0,0.48,0.0,0.22,1.24,0.01,0.39,0.23,0.02,0.1,0.26,0.15,0.0,0.26,0.13,0.39,0.0,0.0,0.0,0.0,0.0,1.0,0.0,0.0,0.0,0.0,0.0,0.0,0.0,0.0,0.0,0.0,0.0,0.0
-0.030168,0.256736,-0.966011,-0.144722,0.195898,-0.969886,-0.09,0.23,-16.1,74.0,457.1,0.106,0.114,0.069,0.11,0.0,0.56,0.0,0.25,1.44,0.01,0.41,0.23,0.02,0.1,0.23,0.21,0.0,0.22,0.21,0.5,0.0,0.0,0.0,0.0,0.0,1.0,0.0,0.0,0.0,0.0,0.0,0.0,0.0,0.0,0.0,0.0,0.0,0.0
-0.016952,0.2061,-0.978384,-0.153387,0.168453,-0.973702,-0.087,0.19,-16.4,74.2,459.7,0.097,0.113,0.067,0.18,0.0,0.81,0.0,0.31,1.6,0.01,0.35,0.31,0.05,0.05,0.35,0.3,0.0,0.13,0.15,0.54,0.0,0.0,0.0,0.0,0.0,1.0,0.0,0.0,0.0,0.0,0.0,0.0,0.0,0.0,0.0,0.0,0.0,0.0
-0.051318,0.239299,-0.969589,-0.153983,0.18009,-0.971523,-0.105,0.213,-16.1,74.0,458.9,0.098,0.112,0.068,0.08,0.0,0.78,0.0,0.4,1.59,0.0,0.34,0.32,0.03,0.01,0.4,0.26,0.0,0.11,0.07,0.45,0.0,0.0,0.0,0.0,0.0,1.0,0.0,0.0,0.0,0.0,0.0,0.0,0.0,0.0,0.0,0.0,0.0,0.0
-0.002439,0.221773,-0.975095,-0.159337,0.163721,-0.973554,-0.083,0.195,-16.1,73.5,455.8,0.083,0.1,0.068,0.08,0.0,0.74,0.0,0.4,1.66,0.0,0.25,0.3,0.03,0.0,0.41,0.2,0.0,0.05,0.0,0.28,0.0,0.0,0.0,0.0,0.0,1.0,0.0,0.0,0.0,0.0,0.0,0.0,0.0,0.0,0.0,0.0,0.0,0.0
-0.003809,0.225851,-0.974154,-0.108731,0.159727,-0.981155,-0.057,0.195,-16.1,73.7,456.8,0.079,0.102,0.071,0.0,0.0,0.74,0.0,0.4,1.66,0.0,0.3,0.29,0.0,0.0,0.38,0.12,0.0,0.08,0.0,0.33,0.0,0.0,0.0,0.0,0.0,1.0,0.0,0.0,0.0,0.0,0.0,0.0,0.0,0.0,0.0,0.0,0.0,0.0
-0.012694,0.217838,-0.975902,-0.149266,0.179527,-0.972363,-0.083,0.201,-16.3,74.2,459.7,0.096,0.111,0.069,0.05,0.0,0.81,0.0,0.38,1.71,0.02,0.3,0.29,0.0,0.0,0.36,0.21,0.0,0.03,0.0,0.47,0.0,0.0,0.0,0.0,0.0,1.0,0.0,0.0,0.0,0.0,0.0,0.0,0.0,0.0,0.0,0.0,0.0,0.0
0.008395,0.228479,-0.973513,-0.133823,0.174912,-0.975447,-0.064,0.204,-16.1,73.5,455.2,0.092,0.101,0.072,0.12,0.0,0.81,0.0,0.35,1.56,0.02,0.36,0.3,0.0,0.0,0.31,0.19,0.0,0.06,0.0,0.53,0.0,0.0,0.0,0.0,0.0,1.0,0.0,0.0,0.0,0.0,0.0,0.0,0.0,0.0,0.0,0.0,0.0,0.0
0.000806,0.220378,-0.975414,-0.118597,0.171719,-0.977981,-0.06,0.198,-16.4,74.3,459.3,0.107,0.115,0.069,0.12,0.0,0.7,0.0,0.28,1.27,0.02,0.3,0.24,0.0,0.07,0.18,0.15,0.0,0.22,0.11,0.36,0.0,0.0,0.0,0.0,0.0,1.0,0.0,0.0,0.0,0.0,0.0,0.0,0.0,0.0,0.0,0.0,0.0,0.0
0.007204,0.241883,-0.970279,-0.126382,0.19041,-0.973536,-0.061,0.219,-16.9,73.6,452.3,0.097,0.12,0.079,0.07,0.02,0.5,0.0,0.16,1.05,0.0,0.19,0.17,0.0,0.07,0.11,0.07,0.1,0.44,0.33,0.22,0.0,0.0,0.0,0.0,0.0,1.0,0.0,0.0,0.0,0.0,0.0,0.0,0.0,0.0,0.0,0.0,0.0,0.0
-0.030368,0.262465,-0.964464,-0.131976,0.20978,-0.9688,-0.084,0.24,-16.7,73.5,450.6,0.083,0.116,0.084,0.19,0.13,0.38,0.0,0.08,1.04,0.0,0.14,0.09,0.0,0.17,0.06,0.0,0.1,0.47,0.45,0.1,0.0,0.0,0.0,0.0,0.0,1.0,0.0,0.0,0.0,0.0,0.0,0.0,0.0,0.0,0.0,0.0,0.0,0.0
-0.042945,0.265045,-0.963279,-0.159203,0.171331,-0.972265,-0.104,0.222,-16.0,73.8,453.1,0.103,0.121,0.079,0.23,0.13,0.38,0.0,0.06,1.16,0.0,0.18,0.11,0.07,0.15,0.11,0.0,0.1,0.36,0.38,0.31,0.0,0.0,0.0,0.0,0.0,1.0,0.0,0.0,0.0,0.0,0.0,0.0,0.0,0.0,0.0,0.0,0.0,0.0
-0.035823,0.270392,-0.962084,-0.146619,0.201307,-0.968493,-0.094,0.24,-15.9,73.2,450.8,0.104,0.115,0.074,0.29,0.12,0.58,0.0,0.12,1.35,0.01,0.33,0.18,0.07,0.18,0.16,0.09,0.0,0.19,0.16,0.23,0.0,0.0,0.0,0.0,0.0,1.0,0.0,0.0,0.0,0.0,0.0,0.0,0.0,0.0,0.0,0.0,0.0,0.0
0.004735,0.239347,-0.970923,-0.103283,0.164793,-0.980906,-0.05,0.204,-16.3,74.4,457.8,0.101,0.112,0.072,0.12,0.0,0.69,0.0,0.18,1.45,0.01,0.41,0.27,0.07,0.08,0.24,0.09,0.0,0.14,0.04,0.29,0.0,0.0,0.0,0.0,0.0,1.0,0.0,0.0,0.0,0.0,0.0,0.0,0.0,0.0,0.0,0.0,0.0,0.0
-0.016779,0.240071,-0.97061,-0.04046,0.171034,-0.984434,-0.029,0.207,-16.2,73.9,455.9,0.084,0.102,0.069,0.08,0.0,0.8,0.0,0.23,1.65,0.01,0.48,0.32,0.1,0.03,0.33,0.09,0.0,0.07,0.0,0.09,0.0,0.0,0.0,0.0,0.0,1.0,0.0,0.0,0.0,0.0,0.0,0.0,0.0,0.0,0.0,0.0,0.0,0.0
-0.03257,0.255365,-0.966296,-0.045356,0.199809,-0.978785,-0.04,0.23,-16.1,74.1,457.5,0.087,0.106,0.068,0.03,0.0,0.79,0.0,0.25,1.68,0.0,0.44,0.34,0.12,0.0,0.35,0.0,0.0,0.02,0.0,0.09,0.0,0.0,0.0,0.0,0.0,1.0,0.0,0.0,0.0,0.0,0.0,0.0,0.0,0.0,0.0,0.0,0.0,0.0
-0.068628,0.263105,-0.962323,-0.055222,0.208025,-0.976563,-0.064,0.238,-16.0,74.0,457.1,0.086,0.105,0.07,0.0,0.0,0.78,0.0,0.29,1.77,0.0,0.48,0.35,0.19,0.01,0.46,0.02,0.0,0.01,0.0,0.19,0.0,0.0,0.0,0.0,0.0,1.0,0.0,0.0,0.0,0.0,0.0,0.0,0.0,0.0,0.0,0.0,0.0,0.0
-0.024133,0.231791,-0.972466,-0.105393,0.178195,-0.978335,-0.066,0.207,-16.1,74.1,457.0,0.088,0.106,0.069,0.0,0.0,0.75,0.0,0.35,1.72,0.0,0.47,0.36,0.14,0.01,0.44,0.02,0.0,0.04,0.0,0.33,0.0,0.0,0.0,0.0,0.0,1.0,0.0,0.0,0.0,0.0,0.0,0.0,0.0,0.0,0.0,0.0,0.0,0.0
-0.037298,0.227663,-0.973025,-0.095973,0.160415,-0.982373,-0.068,0.196,-16.2,74.1,456.9,0.086,0.107,0.071,0.03,0.0,0.72,0.0,0.39,1.6,0.0,0.53,0.38,0.14,0.01,0.47,0.02,0.0,0.07,0.0,0.43,0.0,0.0,0.0,0.0,0.0,1.0,0.0,0.0,0.0,0.0,0.0,0.0,0.0,0.0,0.0,0.0,0.0,0.0
-0.046525,0.226258,-0.972956,-0.108965,0.166595,-0.979986,-0.079,0.199,-16.2,74.2,457.6,0.091,0.107,0.07,0.06,0.0,0.66,0.0,0.4,1.5,0.0,0.55,0.43,0.07,0.0,0.37,0.01,0.0,0.12,0.0,0.31,0.0,0.0,0.0,0.0,0.0,1.0,0.0,0.0,0.0,0.0,0.0,0.0,0.0,0.0,0.0,0.0,0.0,0.0
-0.028453,0.225759,-0.973768,-0.107973,0.152679,-0.98236,-0.07,0.191,-16.2,74.4,458.2,0.092,0.104,0.071,0.07,0.0,0.58,0.0,0.36,1.46,0.0,0.55,0.42,0.02,0.0,0.34,0.01,0.0,0.18,0.0,0.27,0.0,0.0,0.0,0.0,0.0,1.0,0.0,0.0,0.0,0.0,0.0,0.0,0.0,0.0,0.0,0.0,0.0,0.0
-0.018963,0.223969,-0.974412,-0.113859,0.148767,-0.982296,-0.068,0.188,-16.2,74.3,457.3,0.094,0.107,0.07,0.04,0.0,0.57,0.0,0.31,1.57,0.0,0.51,0.42,0.02,0.0,0.27,0.04,0.0,0.14,0.0,0.29,0.0,0.0,0.0,0.0,0.0,1.0,0.0,0.0,0.0,0.0,0.0,0.0,0.0,0.0,0.0,0.0,0.0,0.0
-0.044388,0.26474,-0.963298,-0.109631,0.1719,-0.978995,-0.079,0.221,-16.1,74.1,457.0,0.096,0.108,0.071,0.01,0.0,0.62,0.0,0.34,1.41,0.0,0.49,0.35,0.04,0.0,0.3,0.06,0.0,0.15,0.0,0.36,0.0,0.0,0.0,0.0,0.0,1.0,0.0,0.0,0.0,0.0,0.0,0.0,0.0,0.0,0.0,0.0,0.0,0.0
-0.005428,0.224684,-0.974416,-0.097696,0.177552,-0.97925,-0.053,0.203,-16.1,74.4,458.4,0.1,0.11,0.069,0.01,0.0,0.71,0.0,0.36,1.34,0.0,0.48,0.32,0.04,0.0,0.33,0.07,0.0,0.14,0.0,0.36,0.0,0.0,0.0,0.0,0.0,1.0,0.0,0.0,0.0,0.0,0.0,0.0,0.0,0.0,0.0,0.0,0.0,0.0
-0.000417,0.229655,-0.973272,-0.097216,0.186217,-0.977687,-0.05,0.21,-16.2,74.3,458.1,0.104,0.11,0.069,0.01,0.0,0.75,0.0,0.43,1.31,0.0,0.46,0.27,0.02,0.0,0.34,0.04,0.0,0.18,0.0,0.32,0.0,0.0,0.0,0.0,0.0,1.0,0.0,0.0,0.0,0.0,0.0,0.0,0.0,0.0,0.0,0.0,0.0,0.0
-0.014326,0.215808,-0.976331,-0.122549,0.164819,-0.978681,-0.07,0.192,-16.2,74.3,458.5,0.086,0.104,0.07,0.04,0.0,0.75,0.0,0.4,1.5,0.04,0.41,0.28,0.0,0.0,0.32,0.02,0.0,0.13,0.0,0.28,0.0,0.0,0.0,0.0,0.0,1.0,0.0,0.0,0.0,0.0,0.0,0.0,0.0,0.0,0.0,0.0,0.0,0.0
-0.0181,0.21644,-0.976128,-0.157965,0.170728,-0.972573,-0.09,0.196,-16.0,73.9,455.6,0.086,0.103,0.07,0.07,0.0,0.75,0.0,0.39,1.67,0.08,0.43,0.33,0.0,0.0,0.3,0.04,0.0,0.06,0.0,0.18,0.0,0.0,0.0,0.0,0.0,1.0,0.0,0.0,0.0,0.0,0.0,0.0,0.0,0.0,0.0,0.0,0.0,0.0
-0.035158,0.214606,-0.976068,-0.14102,0.200933,-0.969401,-0.09,0.21,-16.0,74.0,455.9,0.084,0.103,0.07,0.07,0.0,0.73,0.0,0.39,1.72,0.08,0.49,0.37,0.01,0.0,0.4,0.04,0.0,0.02,0.0,0.11,0.0,0.0,0.0,0.0,0.0,1.0,0.0,0.0,0.0,0.0,0.0,0.0,0.0,0.0,0.0,0.0,0.0,0.0
-0.023362,0.219207,-0.975399,-0.144114,0.190458,-0.97106,-0.086,0.207,-16.1,74.3,457.6,0.086,0.104,0.071,0.04,0.0,0.76,0.0,0.36,1.7,0.03,0.53,0.36,0.01,0.0,0.47,0.04,0.0,0.01,0.0,0.15,0.0,0.0,0.0,0.0,0.0,1.0,0.0,0.0,0.0,0.0,0.0,1.0,0.0,0.0,0.0,0.0,0.0,0.0
0.009281,0.218636,-0.975762,-0.160016,0.185098,-0.969605,-0.077,0.205,-16.1,74.2,457.2,0.087,0.104,0.072,0.0,0.0,0.76,0.0,0.35,1.66,0.01,0.55,0.35,0.02,0.02,0.52,0.0,0.0,0.0,0.0,0.25,0.0,0.0,0.0,0.0,0.0,1.0,0.0,0.0,0.0,0.0,0.0,1.0,0.0,0.0,0.0,0.0,0.0,0.0
-0.030072,0.253479,-0.966873,-0.161534,0.184852,-0.9694,-0.099,0.223,-16.1,74.6,458.5,0.095,0.109,0.073,0.0,0.0,0.8,0.0,0.35,1.79,0.02,0.56,0.31,0.07,0.02,0.55,0.08,0.0,0.03,0.0,0.35,0.0,0.0,0.0,0.0,0.0,1.0,0.0,0.0,0.0,0.0,0.0,1.0,0.0,0.0,0.0,0.0,0.0,0.0
-0.040856,0.251435,-0.967012,-0.136055,0.171771,-0.975697,-0.091,0.214,-16.0,74.5,457.6,0.087,0.106,0.073,0.0,0.0,0.77,0.0,0.37,1.95,0.02,0.53,0.31,0.1,0.02,0.47,0.1,0.0,0.04,0.0,0.31,0.0,0.0,0.0,0.0,0.0,1.0,0.0,0.0,0.0,0.0,0.0,1.0,0.0,0.0,0.0,0.0,0.0,0.0
-0.033309,0.264941,-0.963689,-0.131442,0.189884,-0.972968,-0.085,0.231,-16.0,74.2,457.1,0.088,0.107,0.072,0.0,0.0,0.66,0.0,0.36,1.97,0.01,0.48,0.29,0.09,0.0,0.38,0.14,0.0,0.05,0.0,0.25,0.0,0.0,0.0,0.0,0.0,1.0,0.0,0.0,0.0,0.0,0.0,1.0,0.0,0.0,0.0,0.0,0.0,0.0
-0.038579,0.274604,-0.960783,-0.152014,0.172712,-0.973171,-0.098,0.227,-16.0,74.1,456.6,0.088,0.108,0.072,0.0,0.0,0.6,0.0,0.33,1.94,0.04,0.38,0.3,0.03,0.0,0.27,0.06,0.0,0.03,0.0,0.17,0.0,0.0,0.0,0.0,0.0,1.0,0.0,0.0,0.0,0.0,0.0,0.0,0.0,0.0,0.0,0.0,0.0,0.0
-0.036089,0.2856,-0.957669,-0.163196,0.219704,-0.96182,-0.103,0.257,-16.0,74.0,456.2,0.089,0.107,0.072,0.0,0.0,0.63,0.0,0.31,1.79,0.1,0.37,0.32,0.0,0.0,0.32,0.03,0.0,0.02,0.0,0.09,0.0,0.0,0.0,0.0,0.0,1.0,0.0,0.0,0.0,0.0,0.0,0.0,0.0,0.0,0.0,0.0,0.0,0.0
-0.030279,0.269933,-0.962403,-0.103518,0.21896,-0.970227,-0.069,0.248,-16.1,74.1,456.5,0.084,0.106,0.075,0.0,0.0,0.69,0.0,0.28,1.73,0.1,0.31,0.34,0.03,0.0,0.36,0.03,0.0,0.13,0.0,0.09,0.0,0.0,0.0,0.0,0.0,1.0,0.0,0.0,0.0,0.0,0.0,0.0,0.0,0.0,0.0,0.0,0.0,0.0
-0.030321,0.269685,-0.962471,-0.15494,0.213124,-0.964661,-0.096,0.245,-16.2,74.6,458.9,0.101,0.114,0.076,0.01,0.0,0.8,0.0,0.26,1.74,0.08,0.3,0.34,0.03,0.0,0.4,0.03,0.0,0.13,0.06,0.18,0.0,0.0,0.0,0.0,0.0,1.0,0.0,0.0,0.0,0.0,0.0,0.0,0.0,0.0,0.0,0.0,0.0,0.0
-0.042404,0.273185,-0.961026,-0.152372,0.238016,-0.959235,-0.101,0.26,-16.1,74.0,456.6,0.085,0.103,0.076,0.01,0.0,0.74,0.0,0.26,1.8,0.03,0.3,0.33,0.03,0.0,0.34,0.03,0.0,0.22,0.07,0.22,0.0,0.0,0.0,0.0,0.0,1.0,0.0,0.0,0.0,0.0,0.0,0.0,0.0,0.0,0.0,0.0,0.0,0.0
-0.040211,0.263498,-0.963822,-0.167664,0.226432,-0.959488,-0.108,0.249,-16.1,74.0,456.5,0.086,0.105,0.077,0.02,0.0,0.74,0.0,0.25,1.87,0.03,0.36,0.33,0.0,0.0,0.34,0.0,0.0,0.25,0.07,0.27,0.0,0.0,0.0,0.0,0.0,1.0,0.0,0.0,0.0,0.0,0.0,0.0,0.0,0.0,0.0,0.0,0.0,0.0
-0.041092,0.251166,-0.967072,-0.15782,0.206199,-0.965699,-0.103,0.232,-16.0,74.0,455.7,0.087,0.104,0.077,0.01,0.0,0.66,0.0,0.25,1.76,0.02,0.4,0.34,0.0,0.0,0.28,0.0,0.0,0.31,0.01,0.18,0.0,0.0,0.0,0.0,0.0,1.0,0.0,0.0,0.0,0.0,0.0,0.0,0.0,0.0,0.0,0.0,0.0,0.0
-0.050011,0.253581,-0.966021,-0.125468,0.196368,-0.97247,-0.09,0.228,-16.0,73.9,456.3,0.082,0.103,0.074,0.01,0.0,0.66,0.0,0.29,1.88,0.04,0.4,0.34,0.04,0.0,0.25,0.0,0.0,0.22,0.0,0.28,0.0,0.0,0.0,0.0,0.0,1.0,0.0,0.0,0.0,0.0,0.0,0.0,0.0,0.0,0.0,0.0,0.0,0.0
-0.003024,0.218721,-0.975783,-0.132221,0.197785,-0.971287,-0.069,0.211,-16.0,73.9,456.5,0.087,0.105,0.072,0.0,0.0,0.68,0.0,0.37,1.93,0.07,0.44,0.37,0.04,0.0,0.19,0.02,0.0,0.15,0.0,0.25,0.0,0.0,0.0,0.0,0.0,1.0,0.0,0.0,0.0,0.0,0.0,0.0,0.0,0.0,0.0,0.0,0.0,0.0
-0.036694,0.24625,-0.968512,-0.125076,0.231904,-0.964664,-0.083,0.242,-16.2,74.3,459.0,0.095,0.11,0.073,0.0,0.0,0.68,0.0,0.41,1.87,0.06,0.44,0.37,0.04,0.0,0.22,0.07,0.0,0.13,0.0,0.24,0.0,0.0,0.0,0.0,0.0,1.0,0.0,0.0,0.0,0.0,0.0,0.0,0.0,0.0,0.0,0.0,0.0,0.0
-0.057462,0.254222,-0.965437,-0.145804,0.231308,-0.961893,-0.105,0.247,-16.3,74.4,459.0,0.09,0.106,0.074,0.01,0.0,0.75,0.0,0.36,1.65,0.07,0.38,0.37,0.0,0.04,0.26,0.14,0.0,0.13,0.0,0.08,0.0,0.0,0.0,0.0,0.0,1.0,0.0,0.0,0.0,0.0,0.0,0.0,0.0,0.0,0.0,0.0,0.0,0.0
-0.064217,0.252703,-0.965411,-0.135978,0.21942,-0.966108,-0.103,0.24,-16.5,74.7,461.2,0.098,0.116,0.073,0.08,0.0,0.67,0.0,0.28,1.46,0.03,0.26,0.28,0.0,0.2,0.36,0.13,0.04,0.19,0.09,0.03,0.0,0.0,0.0,0.0,0.0,1.0,0.0,0.0,0.0,0.0,0.0,0.0,0.0,0.0,0.0,0.0,0.0,0.0
-0.054693,0.236379,-0.97012,-0.15724,0.200936,-0.966902,-0.109,0.222,-16.9,74.0,454.0,0.084,0.116,0.081,0.08,0.0,0.62,0.0,0.24,1.34,0.11,0.28,0.18,0.0,0.29,0.35,0.08,0.04,0.34,0.18,0.0,0.0,0.0,0.0,0.0,0.0,1.0,0.0,0.0,0.0,0.0,0.0,0.0,0.0,0.0,0.0,0.0,0.0,0.0
-0.066237,0.256602,-0.964245,-0.180878,0.231306,-0.955919,-0.128,0.249,-16.8,73.8,454.1,0.08,0.112,0.078,0.07,0.0,0.53,0.0,0.19,1.19,0.13,0.31,0.09,0.0,0.26,0.25,0.06,0.04,0.45,0.18,0.0,0.0,0.0,0.0,0.0,0.0,1.0,0.0,0.0,0.0,0.0,0.0,0.0,0.0,0.0,0.0,0.0,0.0,0.0
-0.018355,0.244222,-0.969546,-0.159191,0.246735,-0.955918,-0.092,0.25,-16.8,73.7,453.9,0.089,0.116,0.073,0.0,0.0,0.51,0.0,0.18,1.16,0.13,0.35,0.07,0.0,0.13,0.13,0.04,0.05,0.55,0.2,0.0,0.0,0.0,0.0,0.0,0.0,1.0,0.0,0.0,0.0,0.0,0.0,0.0,0.0,0.0,0.0,0.0,0.0,0.0
-0.052746,0.254998,-0.965502,-0.164235,0.226378,-0.960094,-0.112,0.245,-17.0,73.5,451.5,0.089,0.12,0.085,0.03,0.0,0.45,0.0,0.13,1.1,0.04,0.24,0.07,0.0,0.09,0.06,0.04,0.22,0.64,0.28,0.0,0.0,0.0,0.0,0.0,0.0,1.0,0.0,0.0,0.0,0.0,0.0,0.0,0.0,0.0,0.0,0.0,0.0,0.0
-0.070667,0.246356,-0.9666,-0.194158,0.222876,-0.955316,-0.137,0.239,-17.2,73.7,452.6,0.072,0.116,0.09,0.17,0.0,0.42,0.0,0.08,1.18,0.0,0.15,0.1,0.0,0.21,0.05,0.0,0.27,0.69,0.51,0.0,0.0,0.0,0.0,0.0,0.0,1.0,0.0,0.0,0.0,0.0,0.0,0.0,0.0,0.0,0.0,0.0,0.0,0.0
-0.078689,0.261899,-0.961882,-0.196422,0.212416,-0.957234,-0.142,0.242,-16.4,73.9,454.2,0.085,0.113,0.088,0.17,0.06,0.47,0.0,0.11,1.22,0.0,0.05,0.1,0.0,0.34,0.05,0.0,0.23,0.59,0.45,0.0,0.0,0.0,0.0,0.0,0.0,1.0,0.0,0.0,0.0,0.0,0.0,0.0,0.0,0.0,0.0,0.0,0.0,0.0
-0.065173,0.250985,-0.965794,-0.179423,0.213745,-0.960271,-0.126,0.237,-16.8,73.5,452.2,0.08,0.112,0.085,0.14,0.06,0.56,0.0,0.14,1.28,0.0,0.09,0.16,0.0,0.28,0.14,0.03,0.07,0.32,0.37,0.0,0.0,0.0,0.0,0.0,0.0,1.0,0.0,0.0,0.0,0.0,0.0,0.0,0.0,0.0,0.0,0.0,0.0,0.0
-0.101086,0.250111,-0.962926,-0.184081,0.197991,-0.962764,-0.147,0.229,-16.2,73.8,455.5,0.079,0.1,0.079,0.08,0.06,0.54,0.0,0.17,1.28,0.0,0.07,0.22,0.0,0.16,0.23,0.08,0.02,0.19,0.14,0.0,0.0,0.0,0.0,0.0,0.0,1.0,0.0,0.0,0.0,0.0,0.0,0.0,0.0,0.0,0.0,0.0,0.0,0.0
-0.064672,0.240247,-0.968555,-0.172113,0.207895,-0.96289,-0.122,0.228,-16.1,73.8,456.1,0.094,0.107,0.072,0.12,0.0,0.61,0.0,0.15,1.46,0.0,0.15,0.31,0.0,0.03,0.25,0.16,0.0,0.14,0.09,0.0,0.0,0.0,0.0,0.0,0.0,1.0,0.0,0.0,0.0,0.0,0.0,0.0,0.0,0.0,0.0,0.0,0.0,0.0
-0.067484,0.217259,-0.973778,-0.184239,0.201334,-0.96204,-0.129,0.213,-16.3,74.3,460.1,0.089,0.108,0.071,0.12,0.0,0.68,0.0,0.19,1.54,0.0,0.19,0.33,0.0,0.05,0.14,0.14,0.0,0.22,0.0,0.0,0.0,0.0,0.0,0.0,0.0,1.0,0.0,0.0,0.0,0.0,0.0,0.0,0.0,0.0,0.0,0.0,0.0,0.0
-0.094646,0.244827,-0.964936,-0.204326,0.214229,-0.955174,-0.154,0.235,-16.3,74.6,461.6,0.094,0.111,0.072,0.04,0.0,0.78,0.0,0.25,1.62,0.0,0.29,0.35,0.0,0.04,0.12,0.15,0.0,0.23,0.0,0.0,0.0,0.0,0.0,0.0,0.0,1.0,0.0,0.0,0.0,0.0,0.0,0.0,0.0,0.0,0.0,0.0,0.0,0.0
-0.083517,0.236394,-0.968061,-0.146441,0.214934,-0.965587,-0.118,0.229,-16.2,74.3,460.0,0.092,0.111,0.072,0.01,0.0,0.83,0.0,0.28,1.58,0.0,0.3,0.33,0.0,0.02,0.13,0.11,0.0,0.23,0.0,0.0,0.0,0.0,0.0,0.0,0.0,1.0,0.0,0.0,0.0,0.0,0.0,0.0,0.0,0.0,0.0,0.0,0.0,0.0
-0.079596,0.236994,-0.968245,-0.202058,0.196797,-0.959397,-0.145,0.221,-16.2,74.6,461.6,0.089,0.113,0.072,0.01,0.0,0.71,0.0,0.18,1.33,0.0,0.21,0.27,0.0,0.05,0.11,0.11,0.0,0.37,0.03,0.0,0.0,0.0,0.0,0.0,0.0,1.0,0.0,0.0,0.0,0.0,0.0,0.0,0.0,0.0,0.0,0.0,0.0,0.0
-0.055949,0.247161,-0.967358,-0.241472,0.216168,-0.946025,-0.154,0.238,-16.6,73.7,453.8,0.078,0.114,0.083,0.01,0.0,0.62,0.0,0.09,1.26,0.0,0.14,0.2,0.0,0.08,0.04,0.04,0.0,0.47,0.06,0.0,0.0,0.0,0.0,0.0,0.0,1.0,0.0,0.0,0.0,0.0,0.0,0.0,0.0,0.0,0.0,0.0,0.0,0.0
-0.095016,0.247271,-0.964276,-0.256887,0.221732,-0.940661,-0.183,0.241,-15.8,73.9,455.4,0.09,0.112,0.078,0.0,0.0,0.48,0.0,0.04,1.07,0.0,0.1,0.16,0.0,0.08,0.02,0.04,0.0,0.5,0.11,0.0,0.0,0.0,0.0,0.0,0.0,1.0,0.0,0.0,0.0,0.0,0.0,0.0,0.0,0.0,0.0,0.0,0.0,0.0
-0.104414,0.257683,-0.960571,-0.251981,0.201503,-0.946521,-0.185,0.236,-15.9,74.1,457.4,0.087,0.11,0.077,0.0,0.0,0.53,0.0,0.09,1.3,0.0,0.16,0.22,0.0,0.03,0.04,0.04,0.0,0.28,0.08,0.0,0.0,0.0,0.0,0.0,0.0,1.0,0.0,0.0,0.0,0.0,0.0,0.0,0.0,0.0,0.0,0.0,0.0,0.0
-0.09017,0.248532,-0.964418,-0.22032,0.214185,-0.951622,-0.161,0.237,-16.1,74.4,459.8,0.097,0.112,0.073,0.0,0.0,0.59,0.0,0.15,1.41,0.0,0.23,0.26,0.0,0.0,0.11,0.05,0.0,0.17,0.05,0.0,0.0,0.0,0.0,0.0,0.0,1.0,0.0,0.0,0.0,0.0,0.0,0.0,0.0,0.0,0.0,0.0,0.0,0.0
-0.093935,0.23027,-0.968582,-0.265992,0.18814,-0.945437,-0.186,0.215,-16.0,74.6,461.0,0.089,0.111,0.074,0.0,0.0,0.62,0.0,0.18,1.54,0.0,0.32,0.33,0.0,0.0,0.18,0.08,0.0,0.16,0.03,0.0,0.0,0.0,0.0,0.0,0.0,1.0,0.0,0.0,0.0,0.0,0.0,0.0,0.0,0.0,0.0,0.0,0.0,0.0
-0.118234,0.217906,-0.968782,-0.240655,0.157501,-0.957747,-0.184,0.192,-16.1,74.4,459.1,0.087,0.106,0.075,0.01,0.0,0.67,0.01,0.19,1.47,0.0,0.4,0.33,0.0,0.01,0.21,0.1,0.0,0.19,0.06,0.0,0.0,0.0,0.0,0.0,0.0,1.0,0.0,0.0,0.0,0.0,0.0,0.0,0.0,0.0,0.0,0.0,0.0,0.0
-0.119761,0.216682,-0.968869,-0.247849,0.159098,-0.955646,-0.189,0.193,-16.2,74.5,459.5,0.089,0.107,0.076,0.01,0.0,0.67,0.0,0.18,1.38,0.0,0.39,0.37,0.0,0.01,0.27,0.14,0.0,0.17,0.06,0.0,0.0,0.0,0.0,0.0,0.0,1.0,0.0,0.0,0.0,0.0,0.0,0.0,0.0,0.0,0.0,0.0,0.0,0.0
-0.130365,0.228775,-0.964711,-0.229584,0.234949,-0.944505,-0.186,0.238,-16.2,74.3,459.4,0.091,0.106,0.073,0.01,0.0,0.75,0.0,0.18,1.32,0.0,0.35,0.36,0.0,0.01,0.29,0.13,0.0,0.12,0.03,0.0,0.0,0.0,0.0,0.0,0.0,1.0,0.0,0.0,0.0,0.0,0.0,0.0,0.0,0.0,0.0,0.0,0.0,0.0
-0.103287,0.229795,-0.967743,-0.215884,0.220105,-0.951287,-0.165,0.23,-16.1,74.2,458.9,0.088,0.106,0.073,0.0,0.0,0.77,0.0,0.21,1.51,0.0,0.34,0.36,0.0,0.0,0.36,0.17,0.0,0.09,0.0,0.0,0.0,0.0,0.0,0.0,0.0,1.0,0.0,0.0,0.0,0.0,0.0,0.0,0.0,0.0,0.0,0.0,0.0,0.0
-0.099396,0.224433,-0.969407,-0.208836,0.209605,-0.955224,-0.159,0.222,-16.2,74.3,458.7,0.081,0.102,0.073,0.0,0.0,0.81,0.0,0.22,1.57,0.0,0.33,0.31,0.0,0.0,0.32,0.17,0.0,0.16,0.0,0.0,0.0,0.0,0.0,0.0,0.0,1.0,0.0,0.0,0.0,0.0,0.0,0.0,0.0,0.0,0.0,0.0,0.0,0.0
-0.123311,0.233419,-0.964526,-0.215387,0.222726,-0.95079,-0.175,0.234,-16.2,74.1,458.2,0.083,0.104,0.072,0.0,0.0,0.89,0.0,0.23,1.7,0.0,0.3,0.26,0.0,0.0,0.32,0.21,0.0,0.23,0.0,0.0,0.0,0.0,0.0,0.0,0.0,1.0,0.0,0.0,0.0,0.0,0.0,0.0,0.0,0.0,0.0,0.0,0.0,0.0
-0.113179,0.242542,-0.963517,-0.223805,0.224683,-0.948382,-0.174,0.24,-16.2,74.3,459.5,0.084,0.103,0.072,0.0,0.0,0.96,0.0,0.23,1.69,0.0,0.23,0.24,0.0,0.04,0.33,0.23,0.0,0.33,0.0,0.0,0.0,0.0,0.0,0.0,0.0,1.0,0.0,0.0,0.0,0.0,0.0,0.0,0.0,0.0,0.0,0.0,0.0,0.0
-0.113596,0.240599,-0.963954,-0.217753,0.233856,-0.947573,-0.172,0.243,-16.3,74.3,460.1,0.087,0.108,0.072,0.0,0.0,0.94,0.0,0.26,1.6,0.0,0.28,0.3,0.0,0.04,0.39,0.27,0.0,0.31,0.0,0.01,0.0,0.0,0.0,0.0,0.0,1.0,0.0,0.0,0.0,0.0,0.0,0.0,0.0,0.0,0.0,0.0,0.0,0.0
-0.111033,0.235139,-0.965599,-0.217691,0.236949,-0.946819,-0.17,0.242,-16.5,74.3,460.4,0.084,0.108,0.072,0.0,0.0,0.8,0.0,0.25,1.5,0.0,0.31,0.35,0.01,0.04,0.36,0.31,0.0,0.27,0.0,0.01,0.0,0.0,0.0,0.0,0.0,1.0,0.0,0.0,0.0,0.0,0.0,0.0,0.0,0.0,0.0,0.0,0.0,0.0
-0.107783,0.233819,-0.966287,-0.20794,0.229874,-0.950747,-0.163,0.237,-16.4,73.9,458.5,0.085,0.104,0.072,0.0,0.0,0.8,0.0,0.23,1.36,0.0,0.31,0.35,0.01,0.0,0.38,0.27,0.0,0.22,0.0,0.01,0.0,0.0,0.0,0.0,0.0,1.0,0.0,0.0,0.0,0.0,0.0,0.0,0.0,0.0,0.0,0.0,0.0,0.0
-0.101709,0.237578,-0.966029,-0.199724,0.233482,-0.951628,-0.156,0.241,-16.5,73.8,457.7,0.085,0.104,0.073,0.0,0.0,0.79,0.0,0.19,1.18,0.0,0.3,0.32,0.01,0.0,0.32,0.23,0.0,0.2,0.0,0.0,0.0,0.0,0.0,0.0,0.0,1.0,0.0,0.0,0.0,0.0,0.0,0.0,0.0,0.0,0.0,0.0,0.0,0.0
-0.08757,0.233999,-0.968285,-0.217369,0.231433,-0.948256,-0.158,0.238,-16.5,73.9,458.4,0.081,0.104,0.073,0.0,0.0,0.84,0.0,0.19,1.08,0.0,0.35,0.28,0.0,0.0,0.38,0.18,0.0,0.15,0.02,0.0,0.0,0.0,0.0,0.0,0.0,1.0,0.0,0.0,0.0,0.0,0.0,0.0,0.0,0.0,0.0,0.0,0.0,0.0
-0.090906,0.244307,-0.965427,-0.221141,0.259571,-0.940063,-0.162,0.259,-16.4,73.7,457.1,0.082,0.102,0.074,0.0,0.0,0.85,0.0,0.23,1.15,0.0,0.36,0.23,0.0,0.0,0.39,0.17,0.0,0.08,0.02,0.0,0.0,0.0,0.0,0.0,0.0,1.0,0.0,0.0,0.0,0.0,0.0,0.0,0.0,0.0,0.0,0.0,0.0,0.0
-0.097271,0.244823,-0.964676,-0.231874,0.249622,-0.940172,-0.171,0.254,-16.4,73.7,457.4,0.084,0.105,0.073,0.0,0.0,0.92,0.0,0.29,1.28,0.0,0.3,0.18,0.0,0.0,0.42,0.16,0.0,0.08,0.02,0.0,0.0,0.0,0.0,0.0,0.0,1.0,0.0,0.0,0.0,0.0,0.0,0.0,0.0,0.0,0.0,0.0,0.0,0.0
-0.096068,0.252779,-0.962743,-0.246506,0.247123,-0.937104,-0.178,0.257,-16.4,73.8,457.9,0.082,0.105,0.074,0.0,0.0,0.95,0.0,0.34,1.49,0.0,0.29,0.18,0.0,0.0,0.33,0.08,0.0,0.16,0.04,0.0,0.0,0.0,0.0,0.0,0.0,1.0,0.0,0.0,0.0,0.0,0.0,0.0,0.0,0.0,0.0,0.0,0.0,0.0
-0.107505,0.239532,-0.964918,-0.207954,0.244357,-0.947124,-0.164,0.248,-16.3,73.8,458.0,0.085,0.108,0.072,0.0,0.0,0.86,0.0,0.31,1.42,0.0,0.34,0.21,0.0,0.0,0.24,0.04,0.0,0.24,0.15,0.0,0.0,0.0,0.0,0.0,0.0,1.0,0.0,0.0,0.0,0.0,0.0,0.0,0.0,0.0,0.0,0.0,0.0,0.0
-0.117043,0.236482,-0.964561,-0.183419,0.241168,-0.952993,-0.155,0.244,-16.4,74.0,459.3,0.086,0.108,0.074,0.0,0.0,0.83,0.0,0.3,1.53,0.0,0.38,0.23,0.0,0.01,0.14,0.0,0.0,0.31,0.15,0.0,0.0,0.0,0.0,0.0,0.0,1.0,0.0,0.0,0.0,0.0,0.0,0.0,0.0,0.0,0.0,0.0,0.0,0.0
-0.116089,0.224821,-0.96746,-0.170882,0.211522,-0.962319,-0.148,0.222,-16.4,74.3,461.1,0.086,0.11,0.073,0.0,0.0,0.77,0.0,0.28,1.54,0.0,0.34,0.26,0.0,0.01,0.17,0.0,0.0,0.3,0.17,0.0,0.0,0.0,0.0,0.0,0.0,1.0,0.0,0.0,0.0,0.0,0.0,0.0,0.0,0.0,0.0,0.0,0.0,0.0
-0.116254,0.225216,-0.967348,-0.189932,0.227647,-0.955041,-0.158,0.231,-16.2,73.9,459.0,0.083,0.104,0.074,0.0,0.0,0.81,0.0,0.28,1.61,0.0,0.26,0.29,0.0,0.01,0.11,0.0,0.0,0.33,0.09,0.0,0.0,0.0,0.0,0.0,0.0,1.0,0.0,0.0,0.0,0.0,0.0,0.0,0.0,0.0,0.0,0.0,0.0,0.0
-0.113997,0.222507,-0.968243,-0.190416,0.227454,-0.95499,-0.157,0.23,-16.3,74.2,460.7,0.091,0.109,0.073,0.0,0.0,0.78,0.0,0.27,1.54,0.0,0.23,0.33,0.0,0.0,0.1,0.01,0.0,0.36,0.09,0.0,0.0,0.0,0.0,0.0,0.0,1.0,0.0,0.0,0.0,0.0,0.0,0.0,0.0,0.0,0.0,0.0,0.0,0.0
